episode,steps,total_reward,success,key_found_step,door_attempts_without_key,door_opened_step,mean_loss,mean_td_error,mean_q_value,mean_mood_value,mean_mood_action,mean_overall_mood,exploration_boosts,mean_mood_bias,epsilon,effective_epsilon,success_rate_100
0,23,-121.8200,1,-1,0,-1,0.000000,0.000000,0.000000,0.000000,0.000000,0.000000,0,0.000000,1.0000,0.0000,1.0000
1,25,-62.3000,1,-1,0,-1,82.162553,-3.287059,-0.191378,0.000000,0.000000,-0.985975,0,0.000000,0.9990,0.0000,1.0000
2,44,-64.1600,1,-1,0,-1,58.766767,-0.428432,-2.425009,0.000000,0.000000,-0.121481,0,0.000000,0.9981,0.0000,1.0000
3,25,-61.9000,1,-1,0,-1,53.094471,-0.015658,-2.711076,0.000000,0.000000,-0.150549,0,0.000000,0.9971,0.0000,1.0000
4,18,-31.5200,1,-1,0,-1,43.729779,0.556090,-2.652250,0.000000,0.000000,0.536319,0,0.000000,0.9962,0.0000,1.0000
5,72,-156.2800,1,-1,0,-1,46.383839,-0.127528,-2.158505,0.000000,0.000000,-0.103799,0,0.000000,0.9952,0.0000,1.0000
6,68,-35.9200,1,-1,0,-1,43.268891,0.033271,-2.135641,0.000000,0.000000,0.039695,0,0.000000,0.9943,0.0000,1.0000
7,100,-8.9000,0,-1,0,-1,33.812782,-0.069804,-1.547691,0.000000,0.000000,-0.043428,0,0.000000,0.9933,0.0000,0.8750
8,100,-6.5000,0,-1,0,-1,24.795309,-0.155739,-1.011078,0.000000,0.000000,-0.166274,0,0.000000,0.9924,0.0000,0.7778
9,57,-34.7800,1,-1,0,-1,19.211547,-0.064626,-0.832047,0.000000,0.000000,-0.010677,0,0.000000,0.9914,0.0000,0.8000
10,100,-38.8000,0,-1,0,-1,17.056519,-0.149732,-0.668992,0.000000,0.000000,-0.173399,0,0.000000,0.9905,0.0000,0.7273
11,100,-66.0000,0,-1,0,-1,20.724636,-0.222100,-0.845711,0.000000,0.000000,-0.201151,0,0.000000,0.9895,0.0000,0.6667
12,69,-38.0600,1,-1,0,-1,16.924603,-0.115326,-0.931179,0.000000,0.000000,-0.116044,0,0.000000,0.9886,0.0000,0.6923
13,40,-64.2000,1,-1,0,-1,9.276059,0.006178,-0.752303,0.000000,0.000000,-0.035288,0,0.000000,0.9876,0.0000,0.7143
14,100,-5.7000,0,-1,0,-1,8.772597,-0.049135,-0.965331,0.000000,0.000000,-0.056154,0,0.000000,0.9867,0.0000,0.6667
15,100,-66.8000,0,-1,0,-1,3.584892,-0.026657,-0.658179,0.000000,0.000000,-0.026643,0,0.000000,0.9857,0.0000,0.6250
16,60,-94.6000,1,-1,0,-1,5.214789,-0.152604,-0.592919,0.000000,0.000000,-0.143244,0,0.000000,0.9848,0.0000,0.6471
17,100,-70.8000,0,-1,0,-1,2.225593,-0.079718,-0.587875,0.000000,0.000000,-0.086107,0,0.000000,0.9838,0.0000,0.6111
18,26,-32.4400,1,-1,0,-1,4.114728,-0.110760,-0.660830,0.000000,0.000000,-0.109578,0,0.000000,0.9829,0.0000,0.6316
19,75,-156.9000,1,-1,0,-1,1.902765,-0.049318,-0.413128,0.000000,0.000000,-0.053163,0,0.000000,0.9819,0.0000,0.6500
20,100,-6.9000,0,-1,0,-1,2.543460,-0.086487,-0.458106,0.000000,0.000000,-0.085674,0,0.000000,0.9810,0.0000,0.6190
21,33,-182.6200,1,-1,0,-1,1.009413,-0.057362,-0.715002,0.000000,0.000000,-0.058198,0,0.000000,0.9800,0.0000,0.6364
22,23,-151.8200,1,-1,0,-1,2.988615,0.002024,-0.587711,0.000000,0.000000,0.009566,0,0.000000,0.9791,0.0000,0.6522
23,100,-6.6000,0,-1,0,-1,1.082858,-0.018032,-0.867416,0.000000,0.000000,-0.021593,0,0.000000,0.9781,0.0000,0.6250
24,100,-6.7000,0,-1,0,-1,0.720930,0.026539,-0.755564,0.000000,0.000000,0.026580,0,0.000000,0.9772,0.0000,0.6000
25,56,-7.0400,1,-1,0,-1,0.918405,0.034002,-0.903915,0.000000,0.000000,0.026526,0,0.000000,0.9762,0.0000,0.6154
26,78,-9.5200,1,-1,0,-1,0.851178,0.027499,-0.539867,0.000000,0.000000,0.032414,0,0.000000,0.9753,0.0000,0.6296
27,100,-38.8000,0,-1,0,-1,1.001982,0.035832,-0.593538,0.000000,0.000000,0.036638,0,0.000000,0.9743,0.0000,0.6071
28,69,-35.8600,1,-1,0,-1,0.752043,0.031833,-0.600476,0.000000,0.000000,0.025058,0,0.000000,0.9734,0.0000,0.6207
29,100,-5.7000,0,-1,0,-1,0.686243,0.030774,-0.599164,0.000000,0.000000,0.027816,0,0.000000,0.9724,0.0000,0.6000
30,100,-6.8000,0,-1,0,-1,1.447226,0.056674,-0.450119,0.000000,0.000000,0.062620,0,0.000000,0.9715,0.0000,0.5806
31,100,-71.5000,0,-1,0,-1,0.837117,0.034449,-0.410976,0.000000,0.000000,0.036038,0,0.000000,0.9705,0.0000,0.5625
32,100,-9.5000,0,-1,0,-1,1.003068,0.036856,-0.315902,0.000000,0.000000,0.037500,0,0.000000,0.9696,0.0000,0.5455
33,100,-161.6000,0,-1,0,-1,0.801104,0.037737,-0.400772,0.000000,0.000000,0.029946,0,0.000000,0.9686,0.0000,0.5294
34,52,-64.8800,1,-1,0,-1,2.603820,0.096490,-0.595069,0.000000,0.000000,0.103476,0,0.000000,0.9677,0.0000,0.5429
35,88,-39.9200,1,-1,0,-1,0.972160,0.035246,-0.403350,0.000000,0.000000,0.038598,0,0.000000,0.9667,0.0000,0.5556
36,100,-6.2000,0,-1,0,-1,2.077951,0.081854,-0.476716,0.000000,0.000000,0.079937,0,0.000000,0.9658,0.0000,0.5405
37,100,-6.7000,0,-1,0,-1,2.315984,0.090043,-0.461111,0.000000,0.000000,0.087708,0,0.000000,0.9648,0.0000,0.5263
38,26,-32.2400,1,-1,0,-1,1.802361,0.031043,-0.323393,0.000000,0.000000,0.064290,0,0.000000,0.9639,0.0000,0.5385
39,100,-7.1000,0,-1,0,-1,1.463534,0.057857,-0.506880,0.000000,0.000000,0.052416,0,0.000000,0.9629,0.0000,0.5250
40,100,-6.5000,0,-1,0,-1,0.697522,0.023847,-0.214589,0.000000,0.000000,0.025621,0,0.000000,0.9620,0.0000,0.5122
41,100,-96.1000,0,-1,0,-1,1.427989,0.055941,-0.376688,0.000000,0.000000,0.055484,0,0.000000,0.9610,0.0000,0.5000
42,100,-67.4000,0,-1,0,-1,0.532850,0.016549,-0.267463,0.000000,0.000000,0.018598,0,0.000000,0.9601,0.0000,0.4884
43,100,-6.2000,0,-1,0,-1,1.271451,0.050110,-0.424020,0.000000,0.000000,0.049040,0,0.000000,0.9591,0.0000,0.4773
44,26,-122.0400,1,-1,0,-1,1.231662,0.048229,-0.009336,0.000000,0.000000,0.049490,0,0.000000,0.9582,0.0000,0.4889
45,100,-39.8000,0,-1,0,-1,1.166945,0.045895,-0.390053,0.000000,0.000000,0.046392,0,0.000000,0.9572,0.0000,0.4783
46,100,-6.6000,0,-1,0,-1,0.837314,0.032322,-0.369298,0.000000,0.000000,0.029468,0,0.000000,0.9563,0.0000,0.4681
47,100,-6.6000,0,-1,0,-1,0.204862,0.006459,-0.281437,0.000000,0.000000,0.007086,0,0.000000,0.9553,0.0000,0.4583
48,100,-5.8000,0,-1,0,-1,1.290310,0.049877,-0.300731,0.000000,0.000000,0.052715,0,0.000000,0.9544,0.0000,0.4490
49,100,-6.4000,0,-1,0,-1,0.516390,0.020740,-0.272718,0.000000,0.000000,0.019700,0,0.000000,0.9534,0.0000,0.4400
50,100,-99.8000,0,-1,0,-1,1.760984,0.073945,-0.402768,0.000000,0.000000,0.070945,0,0.000000,0.9525,0.0000,0.4314
51,100,-11.4000,0,-1,0,-1,0.538569,0.017268,-0.247184,0.000000,0.000000,0.018855,0,0.000000,0.9515,0.0000,0.4231
52,100,-6.0000,0,-1,0,-1,0.827820,0.032031,-0.232653,0.000000,0.000000,0.032234,0,0.000000,0.9506,0.0000,0.4151
53,100,-7.2000,0,-1,0,-1,0.691881,0.026131,-0.208855,0.000000,0.000000,0.025573,0,0.000000,0.9496,0.0000,0.4074
54,20,-61.4000,1,-1,0,-1,0.077406,0.003158,-0.352189,0.000000,0.000000,0.005912,0,0.000000,0.9486,0.0000,0.4182
55,38,-33.3200,1,-1,0,-1,0.864398,0.028489,-0.382901,0.000000,0.000000,0.026812,0,0.000000,0.9477,0.0000,0.4286
56,100,-6.4000,0,-1,0,-1,0.797946,0.033283,-0.194323,0.000000,0.000000,0.027480,0,0.000000,0.9467,0.0000,0.4211
57,100,-6.4000,0,-1,0,-1,0.660649,0.020850,-0.351665,0.000000,0.000000,0.028144,0,0.000000,0.9458,0.0000,0.4138
58,56,-65.4400,1,-1,0,-1,1.130512,0.051358,-0.206875,0.000000,0.000000,0.049008,0,0.000000,0.9448,0.0000,0.4237
59,60,-185.6000,1,-1,0,-1,0.328202,0.006949,-0.302178,0.000000,0.000000,0.008035,0,0.000000,0.9439,0.0000,0.4333
60,100,-99.9000,0,-1,0,-1,0.803694,0.030165,-0.112830,0.000000,0.000000,0.030932,0,0.000000,0.9429,0.0000,0.4262
61,89,-188.2600,1,-1,0,-1,1.064767,0.045605,-0.297038,0.000000,0.000000,0.041004,0,0.000000,0.9420,0.0000,0.4355
62,100,-6.6000,0,-1,0,-1,0.040329,-0.001358,-0.344256,0.000000,0.000000,0.002611,0,0.000000,0.9410,0.0000,0.4286
63,100,-6.6000,0,-1,0,-1,0.195396,0.008051,-0.187232,0.000000,0.000000,0.006915,0,0.000000,0.9401,0.0000,0.4219
64,35,-4.9000,1,-1,0,-1,0.935860,0.038781,-0.208711,0.000000,0.000000,0.035476,0,0.000000,0.9391,0.0000,0.4308
65,100,-249.0000,0,-1,0,-1,1.002487,0.029501,-0.223099,0.000000,0.000000,0.029875,0,0.000000,0.9382,0.0000,0.4242
66,100,-188.4000,0,-1,0,-1,0.826604,0.028035,-0.200486,0.000000,0.000000,0.030111,0,0.000000,0.9372,0.0000,0.4179
67,100,-6.7000,0,-1,0,-1,0.343604,0.016224,-0.257383,0.000000,0.000000,0.015874,0,0.000000,0.9363,0.0000,0.4118
68,100,-5.9000,0,-1,0,-1,0.973952,0.039296,-0.428141,0.000000,0.000000,0.037608,0,0.000000,0.9353,0.0000,0.4058
69,100,-6.3000,0,-1,0,-1,0.516230,0.019069,-0.287560,0.000000,0.000000,0.018759,0,0.000000,0.9344,0.0000,0.4000
70,79,-67.2600,1,-1,0,-1,0.637840,0.027548,-0.285824,0.000000,0.000000,0.029575,0,0.000000,0.9334,0.0000,0.4085
71,55,-154.5000,1,-1,0,-1,0.584599,0.017802,-0.336998,0.000000,0.000000,0.020488,0,0.000000,0.9325,0.0000,0.4167
72,75,-128.7000,1,-1,0,-1,1.083179,0.053142,-0.444394,0.000000,0.000000,0.047442,0,0.000000,0.9315,0.0000,0.4247
73,100,-6.6000,0,-1,0,-1,0.826690,0.031648,-0.356022,0.000000,0.000000,0.031244,0,0.000000,0.9306,0.0000,0.4189
74,34,-32.9600,1,-1,0,-1,0.035250,-0.002551,-0.383813,0.000000,0.000000,0.007787,0,0.000000,0.9296,0.0000,0.4267
75,100,-8.2000,0,-1,0,-1,0.959412,0.036642,-0.371140,0.000000,0.000000,0.035120,0,0.000000,0.9287,0.0000,0.4211
76,100,-11.1000,0,-1,0,-1,1.269907,0.046459,-0.261112,0.000000,0.000000,0.050862,0,0.000000,0.9277,0.0000,0.4156
77,100,-6.0000,0,-1,0,-1,0.994437,0.044254,-0.236633,0.000000,0.000000,0.035133,0,0.000000,0.9268,0.0000,0.4103
78,100,-11.6000,0,-1,0,-1,1.791393,0.073663,-0.254603,0.000000,0.000000,0.072739,0,0.000000,0.9258,0.0000,0.4051
79,92,-70.0800,1,-1,0,-1,0.750616,0.026273,-0.353114,0.000000,0.000000,0.026881,0,0.000000,0.9249,0.0000,0.4125
80,100,-161.0000,0,-1,0,-1,0.947243,0.037084,-0.212980,0.000000,0.000000,0.044303,0,0.000000,0.9239,0.0000,0.4074
81,100,-6.4000,0,-1,0,-1,1.402704,0.058627,-0.132885,0.000000,0.000000,0.054200,0,0.000000,0.9230,0.0000,0.4024
82,100,-6.0000,0,-1,0,-1,1.086905,0.047071,-0.315337,0.000000,0.000000,0.049549,0,0.000000,0.9220,0.0000,0.3976
83,100,-6.0000,0,-1,0,-1,1.261131,0.052101,-0.226368,0.000000,0.000000,0.051167,0,0.000000,0.9211,0.0000,0.3929
84,100,-5.5000,0,-1,0,-1,0.945947,0.038322,-0.314488,0.000000,0.000000,0.034739,0,0.000000,0.9201,0.0000,0.3882
85,100,-7.0000,0,-1,0,-1,0.922996,0.039715,-0.109446,0.000000,0.000000,0.035595,0,0.000000,0.9192,0.0000,0.3837
86,100,-5.8000,0,-1,0,-1,1.418315,0.058228,-0.178556,0.000000,0.000000,0.066063,0,0.000000,0.9182,0.0000,0.3793
87,100,-7.0000,0,-1,0,-1,0.491610,0.019768,0.004122,0.000000,0.000000,0.022630,0,0.000000,0.9173,0.0000,0.3750
88,100,-7.1000,0,-1,0,-1,0.489839,0.022006,0.038994,0.000000,0.000000,0.020778,0,0.000000,0.9163,0.0000,0.3708
89,100,-7.2000,0,-1,0,-1,0.629941,0.024610,-0.044379,0.000000,0.000000,0.025454,0,0.000000,0.9154,0.0000,0.3667
90,100,-6.9000,0,-1,0,-1,1.229700,0.056917,-0.000083,0.000000,0.000000,0.048580,0,0.000000,0.9144,0.0000,0.3626
91,100,-5.3000,0,-1,0,-1,0.633647,0.021944,-0.013787,0.000000,0.000000,0.029940,0,0.000000,0.9135,0.0000,0.3587
92,100,-6.5000,0,-1,0,-1,0.904767,0.037279,-0.047962,0.000000,0.000000,0.036792,0,0.000000,0.9125,0.0000,0.3548
93,100,-6.7000,0,-1,0,-1,0.475343,0.020467,-0.064605,0.000000,0.000000,0.020996,0,0.000000,0.9116,0.0000,0.3511
94,100,-11.0000,0,-1,0,-1,0.621332,0.025217,0.178102,0.000000,0.000000,0.024362,0,0.000000,0.9106,0.0000,0.3474
95,92,-9.6800,1,-1,0,-1,0.503571,0.020751,0.023326,0.000000,0.000000,0.020875,0,0.000000,0.9097,0.0000,0.3542
96,24,-121.7600,1,-1,0,-1,0.696192,0.031408,0.019800,0.000000,0.000000,0.032466,0,0.000000,0.9087,0.0000,0.3608
97,100,-41.4000,0,-1,0,-1,1.601942,0.064365,-0.010683,0.000000,0.000000,0.064827,0,0.000000,0.9078,0.0000,0.3571
98,100,-7.2000,0,-1,0,-1,0.772665,0.031897,0.138216,0.000000,0.000000,0.031391,0,0.000000,0.9068,0.0000,0.3535
99,100,-5.4000,0,-1,0,-1,2.180462,0.088227,-0.088474,0.000000,0.000000,0.086791,0,0.000000,0.9059,0.0000,0.3500
100,100,-6.3000,0,-1,0,-1,1.028632,0.044555,0.115137,0.000000,0.000000,0.042940,0,0.000000,0.9049,0.0000,0.3400
101,100,-6.3000,0,-1,0,-1,1.294750,0.045039,0.080071,0.000000,0.000000,0.048934,0,0.000000,0.9040,0.0000,0.3300
102,48,-94.1200,1,-1,0,-1,1.195516,0.053887,0.284522,0.000000,0.000000,0.053947,0,0.000000,0.9030,0.0000,0.3300
103,41,-183.7400,1,-1,0,-1,0.690987,0.031253,0.305602,0.000000,0.000000,0.024786,0,0.000000,0.9021,0.0000,0.3300
104,100,-6.2000,0,-1,0,-1,0.892512,0.038098,0.077722,0.000000,0.000000,0.040719,0,0.000000,0.9011,0.0000,0.3200
105,100,-7.1000,0,-1,0,-1,1.281288,0.059067,0.051942,0.000000,0.000000,0.055161,0,0.000000,0.9002,0.0000,0.3100
106,100,-6.8000,0,-1,0,-1,1.529215,0.062392,0.084786,0.000000,0.000000,0.065116,0,0.000000,0.8992,0.0000,0.3000
107,100,-6.8000,0,-1,0,-1,0.567775,0.024048,0.192370,0.000000,0.000000,0.025457,0,0.000000,0.8982,0.0000,0.3000
108,100,-5.9000,0,-1,0,-1,0.204754,0.010754,0.310365,0.000000,0.000000,0.009000,0,0.000000,0.8973,0.0000,0.3000
109,44,-93.7600,1,-1,0,-1,1.649287,0.062465,0.366578,0.000000,0.000000,0.055302,0,0.000000,0.8963,0.0000,0.3000
110,100,-6.1000,0,-1,0,-1,1.385670,0.061282,0.385623,0.000000,0.000000,0.064360,0,0.000000,0.8954,0.0000,0.3000
111,100,-4.8000,0,-1,0,-1,0.728705,0.030591,0.343224,0.000000,0.000000,0.032132,0,0.000000,0.8944,0.0000,0.3000
112,100,-9.8000,0,-1,0,-1,0.842032,0.037585,0.454085,0.000000,0.000000,0.037059,0,0.000000,0.8935,0.0000,0.2900
113,100,-5.9000,0,-1,0,-1,0.572939,0.019255,0.425935,0.000000,0.000000,0.020348,0,0.000000,0.8925,0.0000,0.2800
114,100,-6.9000,0,-1,0,-1,1.219026,0.054767,0.344181,0.000000,0.000000,0.045672,0,0.000000,0.8916,0.0000,0.2800
115,100,-10.2000,0,-1,0,-1,0.937872,0.037537,0.357976,0.000000,0.000000,0.040413,0,0.000000,0.8906,0.0000,0.2800
116,48,-6.1200,1,-1,0,-1,0.818012,0.038035,0.402712,0.000000,0.000000,0.037038,0,0.000000,0.8897,0.0000,0.2800
117,100,-160.9000,0,-1,0,-1,1.166869,0.051999,0.460744,0.000000,0.000000,0.056877,0,0.000000,0.8887,0.0000,0.2800
118,100,-5.8000,0,-1,0,-1,1.105306,0.047551,0.394315,0.000000,0.000000,0.048725,0,0.000000,0.8878,0.0000,0.2700
119,100,-5.3000,0,-1,0,-1,1.362620,0.064411,0.398387,0.000000,0.000000,0.058304,0,0.000000,0.8868,0.0000,0.2600
120,100,-6.0000,0,-1,0,-1,1.163201,0.049141,0.774986,0.000000,0.000000,0.054737,0,0.000000,0.8859,0.0000,0.2600
121,100,-6.4000,0,-1,0,-1,0.504774,0.022260,0.825211,0.000000,0.000000,0.020929,0,0.000000,0.8849,0.0000,0.2500
122,100,-5.8000,0,-1,0,-1,1.113462,0.050805,0.666387,0.000000,0.000000,0.052017,0,0.000000,0.8840,0.0000,0.2400
123,100,-36.0000,0,-1,0,-1,0.537010,0.019293,0.719139,0.000000,0.000000,0.019495,0,0.000000,0.8830,0.0000,0.2400
124,100,-5.8000,0,-1,0,-1,0.385802,0.018293,0.840820,0.000000,0.000000,0.014853,0,0.000000,0.8821,0.0000,0.2400
125,100,-5.8000,0,-1,0,-1,0.980303,0.040016,0.781201,0.000000,0.000000,0.044179,0,0.000000,0.8811,0.0000,0.2300
126,88,-10.7200,1,-1,0,-1,0.423787,0.017632,0.827959,0.000000,0.000000,0.016133,0,0.000000,0.8802,0.0000,0.2300
127,100,-6.2000,0,-1,0,-1,1.067271,0.047722,0.680113,0.000000,0.000000,0.048684,0,0.000000,0.8792,0.0000,0.2300
128,100,-41.4000,0,-1,0,-1,0.954953,0.040624,0.752501,0.000000,0.000000,0.040106,0,0.000000,0.8783,0.0000,0.2200
129,100,-5.7000,0,-1,0,-1,0.911848,0.036018,0.877270,0.000000,0.000000,0.034800,0,0.000000,0.8773,0.0000,0.2200
130,100,-6.2000,0,-1,0,-1,0.276635,0.008298,1.091365,0.000000,0.000000,0.010871,0,0.000000,0.8764,0.0000,0.2200
131,100,-6.1000,0,-1,0,-1,0.877935,0.039045,1.100093,0.000000,0.000000,0.037078,0,0.000000,0.8754,0.0000,0.2200
132,100,-11.6000,0,-1,0,-1,0.687900,0.030405,1.018392,0.000000,0.000000,0.027656,0,0.000000,0.8745,0.0000,0.2200
133,100,-6.1000,0,-1,0,-1,0.734522,0.032050,0.957952,0.000000,0.000000,0.036928,0,0.000000,0.8735,0.0000,0.2200
134,100,-5.4000,0,-1,0,-1,0.881813,0.037171,1.096056,0.000000,0.000000,0.035126,0,0.000000,0.8726,0.0000,0.2100
135,79,-9.0600,1,-1,0,-1,0.580760,0.027066,1.183436,0.000000,0.000000,0.021862,0,0.000000,0.8716,0.0000,0.2100
136,100,-6.7000,0,-1,0,-1,0.580685,0.027370,0.937427,0.000000,0.000000,0.030415,0,0.000000,0.8707,0.0000,0.2100
137,100,-7.1000,0,-1,0,-1,0.722743,0.035998,1.032442,0.000000,0.000000,0.038348,0,0.000000,0.8697,0.0000,0.2100
138,100,-11.5000,0,-1,0,-1,0.897517,0.038262,0.945872,0.000000,0.000000,0.037613,0,0.000000,0.8688,0.0000,0.2000
139,100,-39.8000,0,-1,0,-1,0.713053,0.027756,1.074502,0.000000,0.000000,0.025894,0,0.000000,0.8678,0.0000,0.2000
140,100,-10.3000,0,-1,0,-1,0.397570,0.002612,1.265807,0.000000,0.000000,0.004005,0,0.000000,0.8669,0.0000,0.2000
141,100,-5.3000,0,-1,0,-1,0.702305,0.007589,1.249813,0.000000,0.000000,0.009288,0,0.000000,0.8659,0.0000,0.2000
142,100,-10.8000,1,-1,0,-1,0.706748,0.017080,1.147877,0.000000,0.000000,0.016088,0,0.000000,0.8650,0.0000,0.2100
143,100,-5.8000,0,-1,0,-1,0.473672,0.018703,1.261132,0.000000,0.000000,0.019190,0,0.000000,0.8640,0.0000,0.2100
144,100,-11.6000,0,-1,0,-1,0.201043,0.011442,1.310108,0.000000,0.000000,0.007740,0,0.000000,0.8631,0.0000,0.2000
145,100,-8.6000,0,-1,0,-1,0.526656,0.007513,1.354366,0.000000,0.000000,0.008236,0,0.000000,0.8621,0.0000,0.2000
146,100,-5.0000,0,-1,0,-1,0.343741,0.005557,1.376534,0.000000,0.000000,0.007391,0,0.000000,0.8612,0.0000,0.2000
147,100,-6.4000,0,-1,0,-1,0.794794,-0.027083,1.203866,0.000000,0.000000,-0.024478,0,0.000000,0.8602,0.0000,0.2000
148,100,-6.3000,0,-1,0,-1,0.405464,-0.005584,1.465890,0.000000,0.000000,-0.005087,0,0.000000,0.8593,0.0000,0.2000
149,100,-5.7000,0,-1,0,-1,0.755816,-0.009660,1.361543,0.000000,0.000000,-0.012194,0,0.000000,0.8583,0.0000,0.2000
150,100,-5.7000,0,-1,0,-1,0.355991,0.006509,1.444374,0.000000,0.000000,0.005129,0,0.000000,0.8574,0.0000,0.2000
151,100,-98.0000,0,-1,0,-1,0.184600,-0.002993,1.621319,0.000000,0.000000,-0.001975,0,0.000000,0.8564,0.0000,0.2000
152,100,-4.8000,0,-1,0,-1,0.417759,-0.015018,1.587009,0.000000,0.000000,-0.014903,0,0.000000,0.8555,0.0000,0.2000
153,100,-100.1000,0,-1,0,-1,0.656831,-0.027257,1.591201,0.000000,0.000000,-0.026571,0,0.000000,0.8545,0.0000,0.2000
154,70,-38.0000,1,-1,0,-1,0.414955,-0.017929,1.451515,0.000000,0.000000,-0.017904,0,0.000000,0.8536,0.0000,0.2000
155,100,-6.4000,0,-1,0,-1,0.520031,-0.017527,1.384637,0.000000,0.000000,-0.018116,0,0.000000,0.8526,0.0000,0.1900
156,100,-70.8000,0,-1,0,-1,0.744726,-0.033711,1.629420,0.000000,0.000000,-0.027570,0,0.000000,0.8517,0.0000,0.1900
157,100,-6.3000,0,-1,0,-1,0.390959,-0.007950,1.558133,0.000000,0.000000,-0.013734,0,0.000000,0.8507,0.0000,0.1900
158,100,-5.5000,0,-1,0,-1,0.972187,-0.037399,1.405011,0.000000,0.000000,-0.038599,0,0.000000,0.8497,0.0000,0.1800
159,100,-11.4000,0,-1,0,-1,0.300597,-0.009450,1.443295,0.000000,0.000000,-0.008552,0,0.000000,0.8488,0.0000,0.1700
160,93,-99.8200,1,-1,0,-1,0.443350,-0.017349,1.525767,0.000000,0.000000,-0.017870,0,0.000000,0.8478,0.0000,0.1800
161,100,-6.1000,0,-1,0,-1,0.686068,-0.027643,1.475304,0.000000,0.000000,-0.027330,0,0.000000,0.8469,0.0000,0.1700
162,73,-7.8200,1,-1,0,-1,0.980425,-0.035159,1.509550,0.000000,0.000000,-0.033287,0,0.000000,0.8459,0.0000,0.1800
163,100,-40.3000,0,-1,0,-1,0.456574,-0.016157,1.604736,0.000000,0.000000,-0.017328,0,0.000000,0.8450,0.0000,0.1800
164,100,-10.2000,0,-1,0,-1,0.404490,-0.012676,1.576278,0.000000,0.000000,-0.012876,0,0.000000,0.8440,0.0000,0.1700
165,100,-5.4000,0,-1,0,-1,0.814319,-0.032942,1.435090,0.000000,0.000000,-0.032283,0,0.000000,0.8431,0.0000,0.1700
166,100,-4.7000,0,-1,0,-1,0.666428,-0.030394,1.619143,0.000000,0.000000,-0.028511,0,0.000000,0.8421,0.0000,0.1700
167,100,-5.5000,0,-1,0,-1,0.666901,-0.024253,1.549664,0.000000,0.000000,-0.026860,0,0.000000,0.8412,0.0000,0.1700
168,100,-160.6000,0,-1,0,-1,0.301674,-0.009712,1.607245,0.000000,0.000000,-0.009521,0,0.000000,0.8402,0.0000,0.1700
169,48,-5.9200,1,-1,0,-1,0.558843,-0.026972,1.675629,0.000000,0.000000,-0.024935,0,0.000000,0.8393,0.0000,0.1800
170,100,-5.5000,0,-1,0,-1,0.291781,-0.008434,1.630844,0.000000,0.000000,-0.009323,0,0.000000,0.8383,0.0000,0.1700
171,100,-9.7000,0,-1,0,-1,0.858814,-0.031843,1.497995,0.000000,0.000000,-0.028351,0,0.000000,0.8374,0.0000,0.1600
172,66,-7.8400,1,-1,0,-1,0.252560,-0.010338,1.514702,0.000000,0.000000,-0.014433,0,0.000000,0.8364,0.0000,0.1600
173,26,-31.8400,1,-1,0,-1,0.596793,-0.015014,1.659431,0.000000,0.000000,-0.016476,0,0.000000,0.8355,0.0000,0.1700
174,59,-65.2600,1,-1,0,-1,0.756961,-0.030316,1.599133,0.000000,0.000000,-0.030402,0,0.000000,0.8345,0.0000,0.1700
175,100,-161.0000,0,-1,0,-1,0.650651,-0.024083,1.460645,0.000000,0.000000,-0.022094,0,0.000000,0.8336,0.0000,0.1700
176,100,-41.5000,0,-1,0,-1,1.349188,-0.053271,1.596040,0.000000,0.000000,-0.054188,0,0.000000,0.8326,0.0000,0.1700
177,46,-5.8400,1,-1,0,-1,1.267511,-0.042260,1.465977,0.000000,0.000000,-0.052993,0,0.000000,0.8317,0.0000,0.1800
178,100,-5.0000,0,-1,0,-1,0.819455,-0.019106,1.515851,0.000000,0.000000,-0.017777,0,0.000000,0.8307,0.0000,0.1800
179,65,-7.9000,1,-1,0,-1,1.361264,-0.053596,1.677481,0.000000,0.000000,-0.044951,0,0.000000,0.8298,0.0000,0.1800
180,100,-6.4000,0,-1,0,-1,1.047036,-0.033092,1.535389,0.000000,0.000000,-0.038239,0,0.000000,0.8288,0.0000,0.1800
181,77,-156.3800,1,-1,0,-1,0.347000,-0.013422,1.630945,0.000000,0.000000,-0.010031,0,0.000000,0.8279,0.0000,0.1900
182,100,-6.1000,0,-1,0,-1,1.110811,-0.032352,1.556791,0.000000,0.000000,-0.033165,0,0.000000,0.8269,0.0000,0.1900
183,100,-6.0000,0,-1,0,-1,0.650512,-0.027818,1.581009,0.000000,0.000000,-0.026336,0,0.000000,0.8260,0.0000,0.1900
184,96,-10.6400,1,-1,0,-1,0.933051,-0.034261,1.629112,0.000000,0.000000,-0.035511,0,0.000000,0.8250,0.0000,0.2000
185,100,-6.0000,0,-1,0,-1,0.426653,-0.009500,1.587380,0.000000,0.000000,-0.010713,0,0.000000,0.8241,0.0000,0.2000
186,100,-11.0000,0,-1,0,-1,1.100742,-0.050704,1.546440,0.000000,0.000000,-0.047641,0,0.000000,0.8231,0.0000,0.2000
187,100,-70.9000,0,-1,0,-1,0.593976,-0.006746,1.547629,0.000000,0.000000,-0.009174,0,0.000000,0.8222,0.0000,0.2000
188,38,-4.9200,1,-1,0,-1,0.373720,-0.019934,1.590299,0.000000,0.000000,-0.011732,0,0.000000,0.8212,0.0000,0.2100
189,26,-31.8400,1,-1,0,-1,1.002164,-0.046867,1.605212,0.000000,0.000000,-0.036070,0,0.000000,0.8203,0.0000,0.2200
190,100,-71.0000,0,-1,0,-1,0.689712,-0.022226,1.631371,0.000000,0.000000,-0.027807,0,0.000000,0.8193,0.0000,0.2200
191,78,-8.1200,1,-1,0,-1,1.195639,-0.045394,1.562003,0.000000,0.000000,-0.046317,0,0.000000,0.8184,0.0000,0.2300
192,100,-98.5000,0,-1,0,-1,1.278074,-0.053553,1.571439,0.000000,0.000000,-0.053456,0,0.000000,0.8174,0.0000,0.2300
193,84,-129.5600,1,-1,0,-1,0.688151,-0.019084,1.568683,0.000000,0.000000,-0.018868,0,0.000000,0.8165,0.0000,0.2400
194,100,-5.8000,0,-1,0,-1,1.066606,-0.045461,1.559322,0.000000,0.000000,-0.045348,0,0.000000,0.8155,0.0000,0.2400
195,97,-9.9800,1,-1,0,-1,1.050420,-0.034460,1.461183,0.000000,0.000000,-0.026720,0,0.000000,0.8146,0.0000,0.2400
196,100,-6.0000,0,-1,0,-1,0.878186,-0.019416,1.537668,0.000000,0.000000,-0.023306,0,0.000000,0.8136,0.0000,0.2300
197,27,-32.1800,1,-1,0,-1,1.016293,-0.013581,1.293564,0.000000,0.000000,-0.015932,0,0.000000,0.8127,0.0000,0.2400
198,100,-10.8000,0,-1,0,-1,0.799691,-0.014927,1.436556,0.000000,0.000000,-0.018130,0,0.000000,0.8117,0.0000,0.2400
199,80,-219.0000,1,-1,0,-1,0.983595,-0.000106,1.424342,0.000000,0.000000,-0.000574,0,0.000000,0.8108,0.0000,0.2500
200,100,-5.9000,0,-1,0,-1,0.978939,0.006723,1.372546,0.000000,0.000000,0.006187,0,0.000000,0.8098,0.0000,0.2500
201,100,-40.8000,0,-1,0,-1,0.760242,0.023732,1.406276,0.000000,0.000000,0.023584,0,0.000000,0.8089,0.0000,0.2500
202,100,-69.9000,0,-1,0,-1,0.545644,-0.012296,1.491194,0.000000,0.000000,-0.010149,0,0.000000,0.8079,0.0000,0.2400
203,100,-160.7000,0,-1,0,-1,1.303171,-0.018611,1.511785,0.000000,0.000000,-0.020051,0,0.000000,0.8070,0.0000,0.2300
204,75,-7.3000,1,-1,0,-1,0.514684,-0.006921,1.417112,0.000000,0.000000,-0.002465,0,0.000000,0.8060,0.0000,0.2400
205,100,-69.9000,0,-1,0,-1,0.963857,0.009913,1.399059,0.000000,0.000000,0.005133,0,0.000000,0.8051,0.0000,0.2400
206,100,-70.0000,0,-1,0,-1,1.124054,-0.040113,1.590417,0.000000,0.000000,-0.038568,0,0.000000,0.8041,0.0000,0.2400
207,100,-5.5000,0,-1,0,-1,0.792919,-0.029584,1.553043,0.000000,0.000000,-0.028232,0,0.000000,0.8032,0.0000,0.2400
208,20,-31.4000,1,-1,0,-1,1.177695,-0.071479,1.516393,0.000000,0.000000,-0.062079,0,0.000000,0.8022,0.0000,0.2500
209,94,-10.1600,1,-1,0,-1,1.325446,-0.045157,1.505251,0.000000,0.000000,-0.044553,0,0.000000,0.8013,0.0000,0.2500
210,100,-5.9000,0,-1,0,-1,1.249847,-0.056277,1.539747,0.000000,0.000000,-0.053710,0,0.000000,0.8003,0.0000,0.2500
211,100,-5.6000,0,-1,0,-1,0.600023,-0.005968,1.462758,0.000000,0.000000,-0.012714,0,0.000000,0.7993,0.0000,0.2500
212,74,-8.5600,1,-1,0,-1,1.137424,-0.050674,1.634035,0.000000,0.000000,-0.044960,0,0.000000,0.7984,0.0000,0.2600
213,15,-61.1000,1,-1,0,-1,1.618194,-0.032565,1.270783,0.000000,0.000000,-0.036238,0,0.000000,0.7974,0.0000,0.2700
214,100,-39.9000,0,-1,0,-1,0.952152,-0.033791,1.598484,0.000000,0.000000,-0.036008,0,0.000000,0.7965,0.0000,0.2700
215,100,-40.5000,0,-1,0,-1,1.067538,-0.038923,1.510548,0.000000,0.000000,-0.035653,0,0.000000,0.7955,0.0000,0.2700
216,100,-5.0000,0,-1,0,-1,0.944125,-0.033457,1.564735,0.000000,0.000000,-0.032140,0,0.000000,0.7946,0.0000,0.2600
217,100,-10.4000,0,-1,0,-1,1.122272,-0.040351,1.597176,0.000000,0.000000,-0.046336,0,0.000000,0.7936,0.0000,0.2600
218,95,-10.1000,1,-1,0,-1,0.994772,-0.036626,1.504353,0.000000,0.000000,-0.033535,0,0.000000,0.7927,0.0000,0.2700
219,100,-5.2000,0,-1,0,-1,0.974800,-0.030848,1.491277,0.000000,0.000000,-0.032730,0,0.000000,0.7917,0.0000,0.2700
220,100,-9.8000,0,-1,0,-1,0.884927,-0.033401,1.449440,0.000000,0.000000,-0.035353,0,0.000000,0.7908,0.0000,0.2700
221,100,-10.8000,0,-1,0,-1,1.039761,-0.010915,1.410888,0.000000,0.000000,-0.006408,0,0.000000,0.7898,0.0000,0.2700
222,28,-3.7200,1,-1,0,-1,0.906969,0.015108,1.602786,0.000000,0.000000,0.008062,0,0.000000,0.7889,0.0000,0.2800
223,100,-69.9000,0,-1,0,-1,1.040568,-0.031475,1.586261,0.000000,0.000000,-0.033461,0,0.000000,0.7879,0.0000,0.2800
224,100,-40.5000,0,-1,0,-1,0.928084,-0.037533,1.529718,0.000000,0.000000,-0.035956,0,0.000000,0.7870,0.0000,0.2800
225,51,-35.9400,1,-1,0,-1,0.634533,-0.014905,1.461402,0.000000,0.000000,-0.013839,0,0.000000,0.7860,0.0000,0.2900
226,40,-5.0000,1,-1,0,-1,0.670195,-0.009341,1.357557,0.000000,0.000000,-0.009470,0,0.000000,0.7851,0.0000,0.2900
227,33,-4.4200,1,-1,0,-1,0.921285,-0.025435,1.562976,0.000000,0.000000,-0.006109,0,0.000000,0.7841,0.0000,0.3000
228,34,-4.9600,1,-1,0,-1,0.445934,-0.005359,1.411888,0.000000,0.000000,-0.029593,0,0.000000,0.7832,0.0000,0.3100
229,60,-6.4000,1,-1,0,-1,0.885536,-0.043123,1.585542,0.000000,0.000000,-0.033264,0,0.000000,0.7822,0.0000,0.3200
230,100,-40.2000,0,-1,0,-1,0.747273,-0.025120,1.547103,0.000000,0.000000,-0.030088,0,0.000000,0.7813,0.0000,0.3200
231,59,-36.0600,1,-1,0,-1,0.698052,-0.026631,1.429988,0.000000,0.000000,-0.023282,0,0.000000,0.7803,0.0000,0.3300
232,100,-5.3000,0,-1,0,-1,0.672441,-0.021322,1.531078,0.000000,0.000000,-0.020268,0,0.000000,0.7794,0.0000,0.3300
233,100,-99.8000,0,-1,0,-1,1.201907,-0.047726,1.371321,0.000000,0.000000,-0.050512,0,0.000000,0.7784,0.0000,0.3300
234,50,-36.0000,1,-1,0,-1,0.511626,-0.010677,1.516223,0.000000,0.000000,-0.014214,0,0.000000,0.7775,0.0000,0.3400
235,66,-67.0400,1,-1,0,-1,1.723415,-0.085867,1.556469,0.000000,0.000000,-0.070491,0,0.000000,0.7765,0.0000,0.3400
236,100,-6.2000,0,-1,0,-1,1.069229,-0.025701,1.514605,0.000000,0.000000,-0.034622,0,0.000000,0.7756,0.0000,0.3400
237,100,-5.2000,0,-1,0,-1,0.386270,-0.007583,1.443745,0.000000,0.000000,-0.007538,0,0.000000,0.7746,0.0000,0.3400
238,39,-63.0600,1,-1,0,-1,1.818785,-0.075172,1.368252,0.000000,0.000000,-0.070294,0,0.000000,0.7737,0.0000,0.3500
239,100,-10.3000,0,-1,0,-1,1.108243,-0.044308,1.419621,0.000000,0.000000,-0.043968,0,0.000000,0.7727,0.0000,0.3500
240,100,-39.8000,0,-1,0,-1,1.086351,-0.024627,1.410954,0.000000,0.000000,-0.025839,0,0.000000,0.7718,0.0000,0.3500
241,52,-6.6800,1,-1,0,-1,0.696437,-0.033687,1.458742,0.000000,0.000000,-0.032029,0,0.000000,0.7708,0.0000,0.3600
242,100,-5.3000,0,-1,0,-1,0.997157,-0.031682,1.421230,0.000000,0.000000,-0.033950,0,0.000000,0.7699,0.0000,0.3500
243,90,-69.6000,1,-1,0,-1,1.037602,-0.034325,1.460405,0.000000,0.000000,-0.034365,0,0.000000,0.7689,0.0000,0.3600
244,100,-5.3000,0,-1,0,-1,1.223075,-0.056826,1.504610,0.000000,0.000000,-0.056648,0,0.000000,0.7680,0.0000,0.3600
245,100,-4.8000,0,-1,0,-1,0.897077,-0.010572,1.474630,0.000000,0.000000,-0.009745,0,0.000000,0.7670,0.0000,0.3600
246,100,-71.1000,0,-1,0,-1,1.124148,-0.039182,1.477208,0.000000,0.000000,-0.036133,0,0.000000,0.7661,0.0000,0.3600
247,100,-70.3000,0,-1,0,-1,1.794445,-0.074344,1.543537,0.000000,0.000000,-0.074890,0,0.000000,0.7651,0.0000,0.3600
248,100,-40.2000,0,-1,0,-1,1.441655,-0.055966,1.505846,0.000000,0.000000,-0.055922,0,0.000000,0.7642,0.0000,0.3600
249,100,-35.5000,0,-1,0,-1,1.304339,-0.051695,1.440394,0.000000,0.000000,-0.053796,0,0.000000,0.7632,0.0000,0.3600
250,100,-190.1000,0,-1,0,-1,1.264293,-0.040720,1.463104,0.000000,0.000000,-0.042584,0,0.000000,0.7623,0.0000,0.3600
251,100,-64.4000,0,-1,0,-1,1.096184,-0.040804,1.517735,0.000000,0.000000,-0.039738,0,0.000000,0.7613,0.0000,0.3600
252,89,-129.0600,1,-1,0,-1,0.612232,-0.019079,1.477997,0.000000,0.000000,-0.017068,0,0.000000,0.7604,0.0000,0.3700
253,100,-9.1000,0,-1,0,-1,1.599489,-0.059707,1.506799,0.000000,0.000000,-0.060883,0,0.000000,0.7594,0.0000,0.3700
254,100,-130.8000,0,-1,0,-1,1.144248,-0.036407,1.518262,0.000000,0.000000,-0.039197,0,0.000000,0.7585,0.0000,0.3600
255,100,-5.2000,0,-1,0,-1,1.082068,-0.049511,1.578403,0.000000,0.000000,-0.045121,0,0.000000,0.7575,0.0000,0.3600
256,100,-40.2000,0,-1,0,-1,2.004306,-0.081657,1.386811,0.000000,0.000000,-0.077491,0,0.000000,0.7566,0.0000,0.3600
257,82,-129.0800,1,-1,0,-1,1.591260,-0.040356,1.479908,0.000000,0.000000,-0.050934,0,0.000000,0.7556,0.0000,0.3700
258,100,-5.9000,0,-1,0,-1,1.015328,-0.032981,1.448822,0.000000,0.000000,-0.031218,0,0.000000,0.7547,0.0000,0.3700
259,39,-5.6600,1,-1,0,-1,0.387694,0.003542,1.438440,0.000000,0.000000,0.003766,0,0.000000,0.7537,0.0000,0.3800
260,71,-8.5400,1,-1,0,-1,0.990297,-0.043789,1.486187,0.000000,0.000000,-0.035824,0,0.000000,0.7528,0.0000,0.3800
261,100,-10.7000,0,-1,0,-1,1.699784,-0.074506,1.338597,0.000000,0.000000,-0.069837,0,0.000000,0.7518,0.0000,0.3800
262,100,-157.2000,0,-1,0,-1,0.964484,-0.022640,1.471661,0.000000,0.000000,-0.030595,0,0.000000,0.7509,0.0000,0.3700
263,99,-10.8600,1,-1,0,-1,1.034239,-0.038137,1.434211,0.000000,0.000000,-0.039873,0,0.000000,0.7499,0.0000,0.3800
264,100,-67.7000,0,-1,0,-1,1.019538,-0.026753,1.385362,0.000000,0.000000,-0.016962,0,0.000000,0.7489,0.0000,0.3800
265,53,-124.8200,1,-1,0,-1,1.305525,-0.047052,1.510038,0.000000,0.000000,-0.059008,0,0.000000,0.7480,0.0000,0.3900
266,100,-10.4000,0,-1,0,-1,1.114930,-0.041099,1.391877,0.000000,0.000000,-0.043995,0,0.000000,0.7470,0.0000,0.3900
267,91,-308.9400,1,-1,0,-1,1.152586,-0.045138,1.463395,0.000000,0.000000,-0.034729,0,0.000000,0.7461,0.0000,0.4000
268,100,-10.3000,0,-1,0,-1,1.340609,-0.050160,1.366503,0.000000,0.000000,-0.057228,0,0.000000,0.7451,0.0000,0.4000
269,97,-100.3800,1,-1,0,-1,1.914602,-0.077711,1.278096,0.000000,0.000000,-0.075313,0,0.000000,0.7442,0.0000,0.4000
270,100,-4.4000,0,-1,0,-1,1.085766,-0.016144,1.407630,0.000000,0.000000,-0.019696,0,0.000000,0.7432,0.0000,0.4000
271,100,-4.9000,0,-1,0,-1,1.382845,-0.051670,1.384332,0.000000,0.000000,-0.048016,0,0.000000,0.7423,0.0000,0.4000
272,100,-40.3000,0,-1,0,-1,1.489702,-0.051403,1.412908,0.000000,0.000000,-0.054240,0,0.000000,0.7413,0.0000,0.3900
273,100,-4.3000,0,-1,0,-1,1.349919,-0.047974,1.449785,0.000000,0.000000,-0.051397,0,0.000000,0.7404,0.0000,0.3800
274,100,-99.5000,0,-1,0,-1,1.634956,-0.039864,1.359089,0.000000,0.000000,-0.033156,0,0.000000,0.7394,0.0000,0.3700
275,45,-93.5000,1,-1,0,-1,1.305719,-0.030831,1.358713,0.000000,0.000000,-0.034117,0,0.000000,0.7385,0.0000,0.3800
276,95,-69.9000,1,-1,0,-1,1.236079,-0.002401,1.296807,0.000000,0.000000,-0.004661,0,0.000000,0.7375,0.0000,0.3900
277,66,-37.2400,1,-1,0,-1,1.304974,0.009741,1.341325,0.000000,0.000000,0.005497,0,0.000000,0.7366,0.0000,0.3900
278,94,-159.3600,1,-1,0,-1,0.966122,0.002260,1.298977,0.000000,0.000000,0.002183,0,0.000000,0.7356,0.0000,0.4000
279,100,-69.5000,0,-1,0,-1,1.086357,-0.030518,1.285879,0.000000,0.000000,-0.030462,0,0.000000,0.7347,0.0000,0.3900
280,47,-5.3800,1,-1,0,-1,0.807705,-0.022466,1.367232,0.000000,0.000000,-0.019093,0,0.000000,0.7337,0.0000,0.4000
281,89,-159.8600,1,-1,0,-1,1.153958,-0.039561,1.356016,0.000000,0.000000,-0.040695,0,0.000000,0.7328,0.0000,0.4000
282,100,-70.2000,0,-1,0,-1,1.670831,-0.067977,1.357744,0.000000,0.000000,-0.068189,0,0.000000,0.7318,0.0000,0.4000
283,79,-8.0600,1,-1,0,-1,1.871781,-0.075479,1.400884,0.000000,0.000000,-0.073250,0,0.000000,0.7309,0.0000,0.4100
284,100,-97.7000,0,-1,0,-1,1.116538,-0.049671,1.466331,0.000000,0.000000,-0.049891,0,0.000000,0.7299,0.0000,0.4000
285,14,-31.1600,1,-1,0,-1,2.414695,-0.069921,1.037612,0.000000,0.000000,-0.083740,0,0.000000,0.7290,0.0000,0.4100
286,100,-4.2000,0,-1,0,-1,1.208130,-0.050239,1.525400,0.000000,0.000000,-0.048163,0,0.000000,0.7280,0.0000,0.4100
287,100,-70.1000,0,-1,0,-1,1.329490,-0.044914,1.311664,0.000000,0.000000,-0.049879,0,0.000000,0.7271,0.0000,0.4100
288,91,-9.7400,1,-1,0,-1,1.554984,-0.055594,1.308013,0.000000,0.000000,-0.049742,0,0.000000,0.7261,0.0000,0.4100
289,84,-129.5600,1,-1,0,-1,1.442820,-0.026718,1.194996,0.000000,0.000000,-0.032805,0,0.000000,0.7252,0.0000,0.4100
290,50,-36.0000,1,-1,0,-1,1.644015,-0.069356,1.262956,0.000000,0.000000,-0.061427,0,0.000000,0.7242,0.0000,0.4200
291,100,-190.3000,0,-1,0,-1,1.268684,-0.012364,1.239672,0.000000,0.000000,-0.016848,0,0.000000,0.7233,0.0000,0.4100
292,21,-31.5400,1,-1,0,-1,1.607264,-0.076237,1.102624,0.000000,0.000000,-0.029788,0,0.000000,0.7223,0.0000,0.4200
293,100,-10.8000,0,-1,0,-1,1.863005,-0.067184,1.188549,0.000000,0.000000,-0.076086,0,0.000000,0.7214,0.0000,0.4100
294,100,-40.7000,0,-1,0,-1,1.421644,-0.037824,1.066943,0.000000,0.000000,-0.035527,0,0.000000,0.7204,0.0000,0.4100
295,78,-128.7200,1,-1,0,-1,0.878846,0.014533,1.215728,0.000000,0.000000,0.015298,0,0.000000,0.7195,0.0000,0.4100
296,97,-9.5800,1,-1,0,-1,1.330195,-0.041128,1.201397,0.000000,0.000000,-0.042539,0,0.000000,0.7185,0.0000,0.4200
297,37,-34.9800,1,-1,0,-1,1.451439,-0.051077,1.170234,0.000000,0.000000,-0.025853,0,0.000000,0.7176,0.0000,0.4200
298,100,-40.8000,0,-1,0,-1,1.172659,0.008376,1.178578,0.000000,0.000000,-0.000624,0,0.000000,0.7166,0.0000,0.4200
299,100,-99.8000,0,-1,0,-1,1.394847,-0.041626,1.242888,0.000000,0.000000,-0.041108,0,0.000000,0.7157,0.0000,0.4100
300,100,-4.3000,0,-1,0,-1,1.630023,-0.074069,1.292371,0.000000,0.000000,-0.074717,0,0.000000,0.7147,0.0000,0.4100
301,100,-5.7000,0,-1,0,-1,1.405013,-0.026199,1.064034,0.000000,0.000000,-0.020878,0,0.000000,0.7138,0.0000,0.4100
302,100,-6.5000,0,-1,0,-1,1.321704,-0.022782,1.089063,0.000000,0.000000,-0.024671,0,0.000000,0.7128,0.0000,0.4100
303,23,-32.0200,1,-1,0,-1,0.389461,-0.004253,0.979400,0.000000,0.000000,-0.009494,0,0.000000,0.7119,0.0000,0.4200
304,100,-7.3000,0,-1,0,-1,1.585638,-0.022829,0.936640,0.000000,0.000000,-0.023142,0,0.000000,0.7109,0.0000,0.4100
305,100,-9.4000,0,-1,0,-1,1.557954,0.003059,0.971160,0.000000,0.000000,-0.000845,0,0.000000,0.7100,0.0000,0.4100
306,100,-7.6000,0,-1,0,-1,1.355930,0.021776,1.072982,0.000000,0.000000,0.026685,0,0.000000,0.7090,0.0000,0.4100
307,100,-36.3000,0,-1,0,-1,1.301372,-0.008028,1.100757,0.000000,0.000000,-0.010841,0,0.000000,0.7081,0.0000,0.4100
308,54,-94.7600,1,-1,0,-1,1.491234,-0.044241,1.001860,0.000000,0.000000,-0.039617,0,0.000000,0.7071,0.0000,0.4100
309,100,-6.7000,0,-1,0,-1,1.296050,-0.007357,1.019592,0.000000,0.000000,-0.004068,0,0.000000,0.7062,0.0000,0.4000
310,100,-6.0000,0,-1,0,-1,1.066247,0.005577,1.031680,0.000000,0.000000,-0.000325,0,0.000000,0.7052,0.0000,0.4000
311,100,-7.4000,0,-1,0,-1,1.081072,0.009636,1.085398,0.000000,0.000000,0.009983,0,0.000000,0.7043,0.0000,0.4000
312,100,-7.5000,0,-1,0,-1,1.204361,-0.013591,1.056545,0.000000,0.000000,-0.014837,0,0.000000,0.7033,0.0000,0.3900
313,100,-10.8000,0,-1,0,-1,1.229795,-0.021640,1.022763,0.000000,0.000000,-0.017679,0,0.000000,0.7024,0.0000,0.3800
314,72,-7.8800,1,-1,0,-1,1.423736,-0.028809,1.029832,0.000000,0.000000,-0.026282,0,0.000000,0.7014,0.0000,0.3900
315,100,-64.5000,0,-1,0,-1,0.931196,0.027648,1.076881,0.000000,0.000000,0.020318,0,0.000000,0.7005,0.0000,0.3900
316,100,-159.9000,0,-1,0,-1,1.106990,-0.023386,1.089797,0.000000,0.000000,-0.014584,0,0.000000,0.6995,0.0000,0.3900
317,100,-4.3000,0,-1,0,-1,1.477018,0.025409,1.002103,0.000000,0.000000,0.014611,0,0.000000,0.6985,0.0000,0.3900
318,100,-5.5000,0,-1,0,-1,1.171769,-0.012655,1.060834,0.000000,0.000000,-0.006432,0,0.000000,0.6976,0.0000,0.3800
319,67,-157.1800,1,-1,0,-1,1.252121,-0.056578,1.045042,0.000000,0.000000,-0.049916,0,0.000000,0.6966,0.0000,0.3900
320,100,-5.3000,0,-1,0,-1,1.569628,0.028167,1.048837,0.000000,0.000000,0.027162,0,0.000000,0.6957,0.0000,0.3900
321,52,-35.6800,1,-1,0,-1,1.078624,0.004593,0.887850,0.000000,0.000000,0.004299,0,0.000000,0.6947,0.0000,0.4000
322,100,-4.7000,0,-1,0,-1,1.372907,0.009092,1.063886,0.000000,0.000000,0.011381,0,0.000000,0.6938,0.0000,0.3900
323,100,-5.1000,0,-1,0,-1,1.089780,-0.035487,1.168940,0.000000,0.000000,-0.038111,0,0.000000,0.6928,0.0000,0.3900
324,100,-9.8000,0,-1,0,-1,0.917816,-0.027600,1.119833,0.000000,0.000000,-0.031897,0,0.000000,0.6919,0.0000,0.3900
325,100,-4.8000,0,-1,0,-1,1.362559,-0.050531,1.077787,0.000000,0.000000,-0.046771,0,0.000000,0.6909,0.0000,0.3800
326,100,-4.9000,0,-1,0,-1,2.074552,-0.079551,1.021404,0.000000,0.000000,-0.080894,0,0.000000,0.6900,0.0000,0.3700
327,100,-5.7000,0,-1,0,-1,1.949947,-0.067993,1.113076,0.000000,0.000000,-0.072827,0,0.000000,0.6890,0.0000,0.3600
328,100,-4.8000,0,-1,0,-1,1.571602,-0.046137,1.070891,0.000000,0.000000,-0.041635,0,0.000000,0.6881,0.0000,0.3500
329,100,-10.4000,0,-1,0,-1,1.146898,-0.012871,1.035364,0.000000,0.000000,-0.014862,0,0.000000,0.6871,0.0000,0.3400
330,100,-191.2000,0,-1,0,-1,1.044999,-0.016302,1.017656,0.000000,0.000000,-0.015528,0,0.000000,0.6862,0.0000,0.3400
331,100,-5.9000,0,-1,0,-1,1.841044,0.050640,0.870867,0.000000,0.000000,0.052138,0,0.000000,0.6852,0.0000,0.3300
332,83,-39.0200,1,-1,0,-1,1.279402,-0.024798,1.023760,0.000000,0.000000,-0.026114,0,0.000000,0.6843,0.0000,0.3400
333,55,-33.9000,1,-1,0,-1,1.211346,0.014316,1.017390,0.000000,0.000000,0.007776,0,0.000000,0.6833,0.0000,0.3500
334,100,-40.1000,0,-1,0,-1,1.198205,0.006560,1.079739,0.000000,0.000000,0.007762,0,0.000000,0.6824,0.0000,0.3400
335,60,-36.6000,1,-1,0,-1,1.688743,-0.059966,0.916619,0.000000,0.000000,-0.046037,0,0.000000,0.6814,0.0000,0.3400
336,100,-9.1000,0,-1,0,-1,1.056814,-0.024968,0.973039,0.000000,0.000000,-0.029409,0,0.000000,0.6805,0.0000,0.3400
337,100,-10.0000,0,-1,0,-1,1.191910,-0.002889,0.907289,0.000000,0.000000,-0.002069,0,0.000000,0.6795,0.0000,0.3400
338,100,-69.8000,0,-1,0,-1,1.093634,0.033468,0.858996,0.000000,0.000000,0.030684,0,0.000000,0.6786,0.0000,0.3300
339,24,-3.5600,1,-1,0,-1,1.172292,0.043442,0.972433,0.000000,0.000000,0.031225,0,0.000000,0.6776,0.0000,0.3400
340,33,-4.2200,1,-1,0,-1,0.908640,0.009319,1.171076,0.000000,0.000000,0.023955,0,0.000000,0.6767,0.0000,0.3500
341,56,-6.2400,1,-1,0,-1,1.272571,-0.054875,1.080861,0.000000,0.000000,-0.061391,0,0.000000,0.6757,0.0000,0.3500
342,100,-10.6000,0,-1,0,-1,1.336135,-0.024783,0.967055,0.000000,0.000000,-0.023228,0,0.000000,0.6748,0.0000,0.3500
343,100,-38.9000,0,-1,0,-1,1.836708,-0.066291,1.045414,0.000000,0.000000,-0.064943,0,0.000000,0.6738,0.0000,0.3400
344,100,-4.1000,0,-1,0,-1,1.135233,-0.018172,0.962571,0.000000,0.000000,-0.022051,0,0.000000,0.6729,0.0000,0.3400
345,52,-6.4800,1,-1,0,-1,1.324976,-0.012423,0.927614,0.000000,0.000000,-0.007885,0,0.000000,0.6719,0.0000,0.3500
346,100,-9.6000,0,-1,0,-1,1.525157,-0.056174,0.935326,0.000000,0.000000,-0.057110,0,0.000000,0.6710,0.0000,0.3500
347,100,-40.1000,0,-1,0,-1,1.037779,-0.038190,0.992124,0.000000,0.000000,-0.037025,0,0.000000,0.6700,0.0000,0.3500
348,100,-3.5000,0,-1,0,-1,1.247739,-0.042888,1.058279,0.000000,0.000000,-0.044117,0,0.000000,0.6691,0.0000,0.3500
349,100,-69.7000,0,-1,0,-1,2.116526,-0.096408,0.941160,0.000000,0.000000,-0.097154,0,0.000000,0.6681,0.0000,0.3500
350,100,-69.3000,0,-1,0,-1,1.207192,-0.023221,0.989014,0.000000,0.000000,-0.022985,0,0.000000,0.6672,0.0000,0.3500
351,100,-130.0000,0,-1,0,-1,1.861620,-0.072340,0.927837,0.000000,0.000000,-0.070601,0,0.000000,0.6662,0.0000,0.3500
352,100,-39.5000,0,-1,0,-1,1.699619,-0.066556,1.022531,0.000000,0.000000,-0.063703,0,0.000000,0.6653,0.0000,0.3400
353,100,-5.0000,0,-1,0,-1,1.401216,-0.047436,1.004557,0.000000,0.000000,-0.052624,0,0.000000,0.6643,0.0000,0.3400
354,98,-69.1200,1,-1,0,-1,1.076777,-0.012779,1.045935,0.000000,0.000000,-0.008748,0,0.000000,0.6634,0.0000,0.3500
355,100,-9.1000,0,-1,0,-1,1.428510,-0.039093,1.001572,0.000000,0.000000,-0.041956,0,0.000000,0.6624,0.0000,0.3500
356,62,-6.6800,1,-1,0,-1,1.324489,-0.042417,0.936967,0.000000,0.000000,-0.039702,0,0.000000,0.6615,0.0000,0.3600
357,100,-129.8000,0,-1,0,-1,1.115639,-0.019046,1.019069,0.000000,0.000000,-0.017030,0,0.000000,0.6605,0.0000,0.3500
358,99,-40.0600,1,-1,0,-1,1.516328,-0.033532,0.956335,0.000000,0.000000,-0.037063,0,0.000000,0.6596,0.0000,0.3600
359,84,-217.5600,1,-1,0,-1,0.764171,0.021882,0.910717,0.000000,0.000000,0.018840,0,0.000000,0.6586,0.0000,0.3600
360,52,-35.4800,1,-1,0,-1,1.147933,-0.035936,0.994942,0.000000,0.000000,-0.025748,0,0.000000,0.6577,0.0000,0.3600
361,100,-40.4000,0,-1,0,-1,1.638357,-0.050339,0.890256,0.000000,0.000000,-0.050684,0,0.000000,0.6567,0.0000,0.3600
362,46,-35.6400,1,-1,0,-1,1.241792,-0.023490,0.826808,0.000000,0.000000,-0.024036,0,0.000000,0.6558,0.0000,0.3700
363,100,-129.7000,0,-1,0,-1,1.185551,-0.002558,0.906481,0.000000,0.000000,-0.012361,0,0.000000,0.6548,0.0000,0.3600
364,100,-69.8000,0,-1,0,-1,1.407973,-0.033482,0.859885,0.000000,0.000000,-0.019409,0,0.000000,0.6539,0.0000,0.3600
365,100,-10.7000,0,-1,0,-1,1.309613,0.022882,0.921127,0.000000,0.000000,0.018409,0,0.000000,0.6529,0.0000,0.3500
366,100,-4.1000,0,-1,0,-1,1.181907,-0.010065,0.871894,0.000000,0.000000,-0.008580,0,0.000000,0.6520,0.0000,0.3500
367,100,-39.4000,0,-1,0,-1,1.372418,0.002170,0.808966,0.000000,0.000000,0.001225,0,0.000000,0.6510,0.0000,0.3400
368,100,-99.3000,0,-1,0,-1,1.336264,0.011352,0.859223,0.000000,0.000000,0.009420,0,0.000000,0.6501,0.0000,0.3400
369,26,-91.6400,1,-1,0,-1,0.659828,0.034634,1.084446,0.000000,0.000000,0.033122,0,0.000000,0.6491,0.0000,0.3400
370,100,-159.6000,0,-1,0,-1,1.020850,-0.014915,0.942881,0.000000,0.000000,-0.013279,0,0.000000,0.6481,0.0000,0.3400
371,100,-4.5000,0,-1,0,-1,1.537980,0.011095,0.848138,0.000000,0.000000,0.009276,0,0.000000,0.6472,0.0000,0.3400
372,55,-35.5000,1,-1,0,-1,1.282219,-0.001424,0.791268,0.000000,0.000000,-0.001083,0,0.000000,0.6462,0.0000,0.3500
373,100,-38.9000,0,-1,0,-1,1.691500,0.008884,0.865905,0.000000,0.000000,0.009839,0,0.000000,0.6453,0.0000,0.3500
374,100,-99.8000,0,-1,0,-1,1.394050,0.007867,0.807939,0.000000,0.000000,0.008561,0,0.000000,0.6443,0.0000,0.3500
375,100,-4.0000,0,-1,0,-1,1.596242,0.006494,0.826932,0.000000,0.000000,0.005748,0,0.000000,0.6434,0.0000,0.3400
376,58,-66.7200,1,-1,0,-1,1.675210,0.035218,0.836182,0.000000,0.000000,0.033175,0,0.000000,0.6424,0.0000,0.3400
377,70,-37.0000,1,-1,0,-1,1.604693,0.040018,0.756845,0.000000,0.000000,0.044611,0,0.000000,0.6415,0.0000,0.3400
378,100,-99.0000,0,-1,0,-1,1.185767,0.034599,0.814194,0.000000,0.000000,0.029793,0,0.000000,0.6405,0.0000,0.3300
379,100,-3.5000,0,-1,0,-1,1.250461,-0.007512,0.804837,0.000000,0.000000,-0.006063,0,0.000000,0.6396,0.0000,0.3300
380,47,-5.7800,1,-1,0,-1,1.492587,-0.076582,0.727311,0.000000,0.000000,-0.060944,0,0.000000,0.6386,0.0000,0.3300
381,100,-70.3000,0,-1,0,-1,1.320255,0.029706,0.828938,0.000000,0.000000,0.022096,0,0.000000,0.6377,0.0000,0.3200
382,100,-130.3000,0,-1,0,-1,1.570188,0.014043,0.793945,0.000000,0.000000,0.015635,0,0.000000,0.6367,0.0000,0.3200
383,100,-218.9000,0,-1,0,-1,1.739065,0.003767,0.828049,0.000000,0.000000,0.006650,0,0.000000,0.6358,0.0000,0.3100
384,96,-159.8400,1,-1,0,-1,1.095056,0.007928,0.852678,0.000000,0.000000,0.001792,0,0.000000,0.6348,0.0000,0.3200
385,81,-98.3400,1,-1,0,-1,1.388002,0.030689,0.792136,0.000000,0.000000,0.025714,0,0.000000,0.6339,0.0000,0.3200
386,72,-156.8800,1,-1,0,-1,1.294115,-0.004075,0.817378,0.000000,0.000000,0.005763,0,0.000000,0.6329,0.0000,0.3300
387,100,-4.6000,0,-1,0,-1,1.413554,-0.004207,0.792973,0.000000,0.000000,-0.001571,0,0.000000,0.6320,0.0000,0.3300
388,100,-70.4000,0,-1,0,-1,1.450788,-0.004391,0.712272,0.000000,0.000000,-0.005293,0,0.000000,0.6310,0.0000,0.3200
389,100,-4.3000,0,-1,0,-1,1.405342,-0.004905,0.882638,0.000000,0.000000,-0.007656,0,0.000000,0.6301,0.0000,0.3100
390,96,-69.0400,1,-1,0,-1,1.118917,-0.017414,0.756206,0.000000,0.000000,-0.012551,0,0.000000,0.6291,0.0000,0.3100
391,100,-9.1000,0,-1,0,-1,1.236604,0.024602,0.829348,0.000000,0.000000,0.018807,0,0.000000,0.6282,0.0000,0.3100
392,60,-36.6000,1,-1,0,-1,1.369003,0.010841,0.759759,0.000000,0.000000,0.009075,0,0.000000,0.6272,0.0000,0.3100
393,78,-7.9200,1,-1,0,-1,2.010322,0.030161,0.562228,0.000000,0.000000,0.029000,0,0.000000,0.6263,0.0000,0.3200
394,100,-40.0000,0,-1,0,-1,1.120872,0.005535,0.771931,0.000000,0.000000,0.010005,0,0.000000,0.6253,0.0000,0.3200
395,66,-126.8400,1,-1,0,-1,1.789644,0.063816,0.589549,0.000000,0.000000,0.061949,0,0.000000,0.6244,0.0000,0.3200
396,100,-4.4000,0,-1,0,-1,2.169534,0.063992,0.747153,0.000000,0.000000,0.058308,0,0.000000,0.6234,0.0000,0.3100
397,100,-4.0000,0,-1,0,-1,1.427779,-0.003353,0.692680,0.000000,0.000000,0.000585,0,0.000000,0.6225,0.0000,0.3000
398,100,-8.9000,0,-1,0,-1,1.232080,0.035708,0.739263,0.000000,0.000000,0.040211,0,0.000000,0.6215,0.0000,0.3000
399,100,-69.5000,0,-1,0,-1,1.519038,0.022940,0.807573,0.000000,0.000000,0.021812,0,0.000000,0.6206,0.0000,0.3000
400,59,-96.4600,1,-1,0,-1,1.553442,0.052855,0.712623,0.000000,0.000000,0.051554,0,0.000000,0.6196,0.0000,0.3100
401,100,-39.8000,0,-1,0,-1,1.916505,0.044406,0.630523,0.000000,0.000000,0.041450,0,0.000000,0.6187,0.0000,0.3100
402,62,-96.8800,1,-1,0,-1,1.237380,0.028980,0.713342,0.000000,0.000000,0.033971,0,0.000000,0.6177,0.0000,0.3200
403,47,-125.5800,1,-1,0,-1,0.994909,0.005331,0.773490,0.000000,0.000000,0.004207,0,0.000000,0.6168,0.0000,0.3200
404,66,-6.2400,1,-1,0,-1,1.491923,0.055380,0.782767,0.000000,0.000000,0.055537,0,0.000000,0.6158,0.0000,0.3300
405,100,-4.4000,0,-1,0,-1,1.353583,-0.023327,0.863928,0.000000,0.000000,-0.021427,0,0.000000,0.6149,0.0000,0.3300
406,67,-7.3800,1,-1,0,-1,1.203658,-0.045130,0.956692,0.000000,0.000000,-0.039888,0,0.000000,0.6139,0.0000,0.3400
407,100,-4.2000,0,-1,0,-1,2.087144,-0.081665,0.792214,0.000000,0.000000,-0.086081,0,0.000000,0.6130,0.0000,0.3400
408,91,-8.5400,1,-1,0,-1,1.553051,-0.038094,0.817164,0.000000,0.000000,-0.031250,0,0.000000,0.6120,0.0000,0.3400
409,100,-4.2000,0,-1,0,-1,2.062599,-0.028450,0.758645,0.000000,0.000000,-0.031861,0,0.000000,0.6111,0.0000,0.3400
410,100,-70.1000,0,-1,0,-1,1.526868,0.057956,0.702828,0.000000,0.000000,0.048312,0,0.000000,0.6101,0.0000,0.3400
411,100,-3.9000,0,-1,0,-1,1.350807,-0.041865,0.858614,0.000000,0.000000,-0.033989,0,0.000000,0.6092,0.0000,0.3400
412,100,-4.6000,0,-1,0,-1,1.415853,-0.006103,0.810962,0.000000,0.000000,-0.006685,0,0.000000,0.6082,0.0000,0.3400
413,99,-9.0600,1,-1,0,-1,1.874582,0.017222,0.610737,0.000000,0.000000,0.018362,0,0.000000,0.6073,0.0000,0.3500
414,100,-69.9000,0,-1,0,-1,1.615387,0.011058,0.733577,0.000000,0.000000,0.008690,0,0.000000,0.6063,0.0000,0.3400
415,100,-3.2000,0,-1,0,-1,1.500616,-0.004915,0.704350,0.000000,0.000000,-0.004935,0,0.000000,0.6054,0.0000,0.3400
416,100,-70.7000,0,-1,0,-1,1.592894,0.003674,0.609625,0.000000,0.000000,0.004977,0,0.000000,0.6044,0.0000,0.3400
417,100,-39.1000,0,-1,0,-1,1.398049,0.006043,0.650753,0.000000,0.000000,-0.001033,0,0.000000,0.6035,0.0000,0.3400
418,100,-9.1000,0,-1,0,-1,1.579678,0.024363,0.613505,0.000000,0.000000,0.032832,0,0.000000,0.6025,0.0000,0.3400
419,100,-9.5000,0,-1,0,-1,1.797380,0.043309,0.610975,0.000000,0.000000,0.041564,0,0.000000,0.6016,0.0000,0.3300
420,100,-4.3000,0,-1,0,-1,2.045669,0.075039,0.646250,0.000000,0.000000,0.068314,0,0.000000,0.6006,0.0000,0.3300
421,100,-99.7000,0,-1,0,-1,1.863289,0.032863,0.689392,0.000000,0.000000,0.031810,0,0.000000,0.5996,0.0000,0.3200
422,100,-4.3000,0,-1,0,-1,1.409665,0.021302,0.699246,0.000000,0.000000,0.021183,0,0.000000,0.5987,0.0000,0.3200
423,86,-37.8400,1,-1,0,-1,1.403097,0.013635,0.687669,0.000000,0.000000,0.022139,0,0.000000,0.5977,0.0000,0.3300
424,100,-99.7000,0,-1,0,-1,1.421750,0.005130,0.714572,0.000000,0.000000,0.004521,0,0.000000,0.5968,0.0000,0.3300
425,97,-68.7800,1,-1,0,-1,1.193044,0.015209,0.718606,0.000000,0.000000,0.017536,0,0.000000,0.5958,0.0000,0.3400
426,100,-4.0000,0,-1,0,-1,2.095211,0.043481,0.557013,0.000000,0.000000,0.043423,0,0.000000,0.5949,0.0000,0.3400
427,100,-10.1000,0,-1,0,-1,2.193498,0.024382,0.600930,0.000000,0.000000,0.018858,0,0.000000,0.5939,0.0000,0.3400
428,100,-3.2000,0,-1,0,-1,1.666258,0.017762,0.707360,0.000000,0.000000,0.019968,0,0.000000,0.5930,0.0000,0.3400
429,100,-3.4000,0,-1,0,-1,1.659489,0.033317,0.682335,0.000000,0.000000,0.028825,0,0.000000,0.5920,0.0000,0.3400
430,100,-4.3000,0,-1,0,-1,2.120466,0.021892,0.618646,0.000000,0.000000,0.031686,0,0.000000,0.5911,0.0000,0.3400
431,100,-99.7000,0,-1,0,-1,1.123506,-0.025385,0.742620,0.000000,0.000000,-0.025748,0,0.000000,0.5901,0.0000,0.3400
432,100,-69.0000,0,-1,0,-1,1.371218,-0.002890,0.727311,0.000000,0.000000,-0.004881,0,0.000000,0.5892,0.0000,0.3300
433,65,-6.7000,1,-1,0,-1,1.561429,-0.014730,0.700841,0.000000,0.000000,-0.012571,0,0.000000,0.5882,0.0000,0.3300
434,100,-4.0000,0,-1,0,-1,1.547883,0.038613,0.685472,0.000000,0.000000,0.036983,0,0.000000,0.5873,0.0000,0.3300
435,100,-69.1000,0,-1,0,-1,1.785920,0.014325,0.704031,0.000000,0.000000,0.013386,0,0.000000,0.5863,0.0000,0.3200
436,69,-6.8600,1,-1,0,-1,1.827878,-0.012660,0.634709,0.000000,0.000000,0.001079,0,0.000000,0.5854,0.0000,0.3300
437,90,-98.8000,1,-1,0,-1,1.083249,0.020728,0.640798,0.000000,0.000000,0.007298,0,0.000000,0.5844,0.0000,0.3400
438,28,-3.9200,1,-1,0,-1,1.503248,-0.046415,0.737390,0.000000,0.000000,-0.030847,0,0.000000,0.5835,0.0000,0.3500
439,90,-68.4000,1,-1,0,-1,1.169333,0.012395,0.711191,0.000000,0.000000,0.004348,0,0.000000,0.5825,0.0000,0.3500
440,67,-7.3800,1,-1,0,-1,1.203062,0.012304,0.644377,0.000000,0.000000,0.023290,0,0.000000,0.5816,0.0000,0.3500
441,96,-98.8400,1,-1,0,-1,1.712280,-0.007997,0.723629,0.000000,0.000000,-0.012684,0,0.000000,0.5806,0.0000,0.3500
442,100,-69.6000,0,-1,0,-1,1.259451,0.010165,0.752170,0.000000,0.000000,0.010567,0,0.000000,0.5797,0.0000,0.3500
443,96,-69.0400,1,-1,0,-1,1.868010,-0.045969,0.769680,0.000000,0.000000,-0.038648,0,0.000000,0.5787,0.0000,0.3600
444,82,-6.8800,1,-1,0,-1,1.225206,-0.013577,0.751297,0.000000,0.000000,-0.018014,0,0.000000,0.5778,0.0000,0.3700
445,66,-67.2400,1,-1,0,-1,1.508442,0.016898,0.616044,0.000000,0.000000,0.005385,0,0.000000,0.5768,0.0000,0.3700
446,100,-9.5000,0,-1,0,-1,1.620292,-0.016659,0.740341,0.000000,0.000000,-0.013165,0,0.000000,0.5759,0.0000,0.3700
447,100,-40.1000,0,-1,0,-1,1.898419,-0.039384,0.723211,0.000000,0.000000,-0.038148,0,0.000000,0.5749,0.0000,0.3700
448,84,-8.1600,1,-1,0,-1,1.908544,-0.026625,0.677038,0.000000,0.000000,-0.023679,0,0.000000,0.5740,0.0000,0.3800
449,100,-9.1000,0,-1,0,-1,1.477886,0.027244,0.688494,0.000000,0.000000,0.024334,0,0.000000,0.5730,0.0000,0.3800
450,100,-68.5000,0,-1,0,-1,1.310019,-0.016431,0.710577,0.000000,0.000000,-0.013004,0,0.000000,0.5721,0.0000,0.3800
451,100,-10.6000,0,-1,0,-1,1.791060,0.047678,0.536973,0.000000,0.000000,0.034963,0,0.000000,0.5711,0.0000,0.3800
452,59,-37.0600,1,-1,0,-1,1.067483,0.000160,0.843287,0.000000,0.000000,0.023980,0,0.000000,0.5702,0.0000,0.3900
453,100,-3.6000,0,-1,0,-1,1.785138,0.068686,0.712882,0.000000,0.000000,0.063259,0,0.000000,0.5692,0.0000,0.3900
454,59,-6.4600,1,-1,0,-1,1.498353,0.025332,0.817341,0.000000,0.000000,0.028552,0,0.000000,0.5683,0.0000,0.3900
455,100,-8.3000,0,-1,0,-1,1.688206,0.005281,0.679662,0.000000,0.000000,-0.000985,0,0.000000,0.5673,0.0000,0.3900
456,100,-38.5000,0,-1,0,-1,1.656122,-0.004707,0.754816,0.000000,0.000000,-0.000822,0,0.000000,0.5664,0.0000,0.3800
457,100,-4.8000,0,-1,0,-1,2.158435,0.002451,0.578426,0.000000,0.000000,0.001121,0,0.000000,0.5654,0.0000,0.3800
458,100,-9.5000,0,-1,0,-1,1.645314,0.015642,0.661048,0.000000,0.000000,0.023592,0,0.000000,0.5645,0.0000,0.3700
459,100,-10.0000,0,-1,0,-1,1.387106,-0.038297,0.682782,0.000000,0.000000,-0.040910,0,0.000000,0.5635,0.0000,0.3600
460,100,-38.8000,0,-1,0,-1,1.701890,-0.013535,0.655121,0.000000,0.000000,-0.020962,0,0.000000,0.5626,0.0000,0.3500
461,100,-4.3000,0,-1,0,-1,1.813168,-0.006149,0.653430,0.000000,0.000000,0.001001,0,0.000000,0.5616,0.0000,0.3500
462,100,-3.9000,0,-1,0,-1,1.698308,0.007587,0.527257,0.000000,0.000000,0.006052,0,0.000000,0.5607,0.0000,0.3400
463,100,-3.9000,0,-1,0,-1,1.633966,-0.004689,0.512410,0.000000,0.000000,-0.004033,0,0.000000,0.5597,0.0000,0.3400
464,100,-3.8000,0,-1,0,-1,1.420604,0.043387,0.638459,0.000000,0.000000,0.037404,0,0.000000,0.5588,0.0000,0.3400
465,100,-9.6000,0,-1,0,-1,1.911905,-0.002260,0.525627,0.000000,0.000000,-0.000491,0,0.000000,0.5578,0.0000,0.3400
466,100,-3.8000,0,-1,0,-1,1.619200,0.016898,0.558537,0.000000,0.000000,0.023410,0,0.000000,0.5569,0.0000,0.3400
467,100,-3.5000,0,-1,0,-1,1.835715,0.013264,0.487782,0.000000,0.000000,0.002480,0,0.000000,0.5559,0.0000,0.3400
468,100,-2.9000,0,-1,0,-1,1.378641,0.021508,0.530121,0.000000,0.000000,0.028677,0,0.000000,0.5550,0.0000,0.3400
469,100,-8.4000,0,-1,0,-1,1.467547,0.004556,0.584026,0.000000,0.000000,0.009797,0,0.000000,0.5540,0.0000,0.3300
470,100,-4.2000,0,-1,0,-1,1.743290,0.021230,0.465031,0.000000,0.000000,0.015302,0,0.000000,0.5531,0.0000,0.3300
471,100,-3.7000,0,-1,0,-1,1.577932,-0.000959,0.456795,0.000000,0.000000,0.004316,0,0.000000,0.5521,0.0000,0.3300
472,100,-98.9000,0,-1,0,-1,1.657515,0.004189,0.567000,0.000000,0.000000,0.003432,0,0.000000,0.5512,0.0000,0.3200
473,100,-3.9000,0,-1,0,-1,1.381161,-0.015098,0.631123,0.000000,0.000000,-0.017530,0,0.000000,0.5502,0.0000,0.3200
474,100,-8.0000,0,-1,0,-1,1.289563,-0.034432,0.586962,0.000000,0.000000,-0.034484,0,0.000000,0.5492,0.0000,0.3200
475,100,-98.7000,0,-1,0,-1,1.725349,0.005627,0.598828,0.000000,0.000000,0.002300,0,0.000000,0.5483,0.0000,0.3200
476,100,-9.1000,0,-1,0,-1,1.340392,-0.002537,0.675645,0.000000,0.000000,0.003780,0,0.000000,0.5473,0.0000,0.3100
477,100,-3.8000,0,-1,0,-1,2.116480,0.007013,0.383936,0.000000,0.000000,0.003283,0,0.000000,0.5464,0.0000,0.3000
478,100,-3.3000,0,-1,0,-1,1.964243,-0.028920,0.523508,0.000000,0.000000,-0.024270,0,0.000000,0.5454,0.0000,0.3000
479,100,-3.9000,0,-1,0,-1,1.368813,0.020455,0.559643,0.000000,0.000000,0.018030,0,0.000000,0.5445,0.0000,0.3000
480,100,-34.6000,0,-1,0,-1,1.666699,0.004131,0.466923,0.000000,0.000000,-0.000921,0,0.000000,0.5435,0.0000,0.2900
481,100,-3.6000,0,-1,0,-1,1.765937,-0.056005,0.591816,0.000000,0.000000,-0.051227,0,0.000000,0.5426,0.0000,0.2900
482,100,-69.6000,0,-1,0,-1,1.779289,0.056413,0.429302,0.000000,0.000000,0.053953,0,0.000000,0.5416,0.0000,0.2900
483,100,-3.9000,0,-1,0,-1,2.036720,0.054018,0.422910,0.000000,0.000000,0.053645,0,0.000000,0.5407,0.0000,0.2900
484,100,-3.9000,0,-1,0,-1,1.671624,0.019359,0.560740,0.000000,0.000000,0.023061,0,0.000000,0.5397,0.0000,0.2800
485,95,-8.7000,1,-1,0,-1,1.897930,-0.029363,0.503508,0.000000,0.000000,-0.027620,0,0.000000,0.5388,0.0000,0.2800
486,100,-4.2000,0,-1,0,-1,1.342477,0.004323,0.597462,0.000000,0.000000,0.001592,0,0.000000,0.5378,0.0000,0.2700
487,100,-3.7000,0,-1,0,-1,1.423296,-0.021103,0.526606,0.000000,0.000000,-0.020537,0,0.000000,0.5369,0.0000,0.2700
488,100,-4.4000,0,-1,0,-1,1.784321,-0.008325,0.446645,0.000000,0.000000,-0.007058,0,0.000000,0.5359,0.0000,0.2700
489,100,-4.2000,0,-1,0,-1,1.169562,0.021676,0.461737,0.000000,0.000000,0.017139,0,0.000000,0.5350,0.0000,0.2700
490,100,-38.8000,0,-1,0,-1,1.495605,0.009970,0.443142,0.000000,0.000000,0.010831,0,0.000000,0.5340,0.0000,0.2600
491,100,-4.5000,0,-1,0,-1,1.038123,-0.010811,0.624343,0.000000,0.000000,-0.007793,0,0.000000,0.5331,0.0000,0.2600
492,100,-3.8000,0,-1,0,-1,1.211103,-0.019668,0.588450,0.000000,0.000000,-0.025697,0,0.000000,0.5321,0.0000,0.2500
493,100,-4.3000,0,-1,0,-1,1.525448,-0.025382,0.578816,0.000000,0.000000,-0.018534,0,0.000000,0.5312,0.0000,0.2400
494,100,-4.7000,0,-1,0,-1,1.636221,-0.025442,0.508801,0.000000,0.000000,-0.029700,0,0.000000,0.5302,0.0000,0.2400
495,23,-32.4200,1,-1,0,-1,0.332249,0.041732,0.685776,0.000000,0.000000,0.051016,0,0.000000,0.5293,0.0000,0.2400
496,100,-3.9000,0,-1,0,-1,1.473038,-0.050200,0.574843,0.000000,0.000000,-0.048348,0,0.000000,0.5283,0.0000,0.2400
497,100,-3.8000,0,-1,0,-1,1.453185,-0.055943,0.543526,0.000000,0.000000,-0.057281,0,0.000000,0.5274,0.0000,0.2400
498,100,-3.8000,0,-1,0,-1,1.811844,-0.029844,0.511610,0.000000,0.000000,-0.032588,0,0.000000,0.5264,0.0000,0.2400
499,100,-38.5000,0,-1,0,-1,1.749452,-0.030051,0.440712,0.000000,0.000000,-0.025558,0,0.000000,0.5255,0.0000,0.2400
500,100,-2.7000,0,-1,0,-1,1.904397,-0.039444,0.332405,0.000000,0.000000,-0.040894,0,0.000000,0.5245,0.0000,0.2300
501,100,-4.2000,0,-1,0,-1,1.246424,0.000159,0.438619,0.000000,0.000000,-0.005326,0,0.000000,0.5236,0.0000,0.2300
502,100,-2.7000,0,-1,0,-1,1.659549,0.014699,0.457839,0.000000,0.000000,0.021717,0,0.000000,0.5226,0.0000,0.2200
503,100,-3.4000,0,-1,0,-1,1.217590,-0.000271,0.461933,0.000000,0.000000,-0.003614,0,0.000000,0.5217,0.0000,0.2100
504,7,-30.3800,1,-1,0,-1,2.424790,0.109152,0.034918,0.000000,0.000000,0.062913,0,0.000000,0.5207,0.0000,0.2100
505,100,-4.1000,0,-1,0,-1,1.723642,-0.001342,0.468721,0.000000,0.000000,0.003993,0,0.000000,0.5198,0.0000,0.2100
506,100,-4.3000,0,-1,0,-1,1.159997,-0.023748,0.527820,0.000000,0.000000,-0.022178,0,0.000000,0.5188,0.0000,0.2000
507,100,-4.1000,0,-1,0,-1,1.110001,0.012278,0.516480,0.000000,0.000000,0.009865,0,0.000000,0.5179,0.0000,0.2000
508,100,-3.7000,0,-1,0,-1,1.873887,-0.035571,0.434746,0.000000,0.000000,-0.035027,0,0.000000,0.5169,0.0000,0.1900
509,100,-3.6000,0,-1,0,-1,1.403711,0.003800,0.492600,0.000000,0.000000,0.002557,0,0.000000,0.5160,0.0000,0.1900
510,100,-4.0000,0,-1,0,-1,1.679798,-0.010414,0.423980,0.000000,0.000000,-0.012961,0,0.000000,0.5150,0.0000,0.1900
511,100,-8.7000,0,-1,0,-1,1.684239,0.045010,0.413151,0.000000,0.000000,0.049668,0,0.000000,0.5141,0.0000,0.1900
512,100,-3.7000,0,-1,0,-1,1.410245,0.002340,0.427744,0.000000,0.000000,-0.001278,0,0.000000,0.5131,0.0000,0.1900
513,100,-8.2000,0,-1,0,-1,1.499728,-0.030842,0.427284,0.000000,0.000000,-0.029815,0,0.000000,0.5122,0.0000,0.1800
514,100,-2.8000,0,-1,0,-1,1.426257,-0.016168,0.354423,0.000000,0.000000,-0.016421,0,0.000000,0.5112,0.0000,0.1800
515,100,-3.7000,0,-1,0,-1,1.921812,0.014018,0.369911,0.000000,0.000000,0.006006,0,0.000000,0.5103,0.0000,0.1800
516,100,-4.1000,0,-1,0,-1,1.451918,0.007895,0.337647,0.000000,0.000000,0.010466,0,0.000000,0.5093,0.0000,0.1800
517,100,-4.1000,0,-1,0,-1,1.253171,-0.015761,0.481522,0.000000,0.000000,-0.007437,0,0.000000,0.5084,0.0000,0.1800
518,74,-127.3600,1,-1,0,-1,1.726734,0.053919,0.457006,0.000000,0.000000,0.046079,0,0.000000,0.5074,0.0000,0.1900
519,33,-4.8200,1,-1,0,-1,0.880314,-0.017897,0.511483,0.000000,0.000000,-0.012036,0,0.000000,0.5065,0.0000,0.2000
520,73,-6.8200,1,-1,0,-1,1.859633,-0.001311,0.382193,0.000000,0.000000,-0.000919,0,0.000000,0.5055,0.0000,0.2100
521,100,-38.5000,0,-1,0,-1,1.337663,-0.026334,0.436132,0.000000,0.000000,-0.021657,0,0.000000,0.5046,0.0000,0.2100
522,100,-38.0000,0,-1,0,-1,1.264492,-0.025693,0.428628,0.000000,0.000000,-0.023247,0,0.000000,0.5036,0.0000,0.2100
523,100,-5.1000,0,-1,0,-1,1.492793,0.033165,0.424013,0.000000,0.000000,0.025707,0,0.000000,0.5027,0.0000,0.2000
524,94,-159.1600,1,-1,0,-1,1.152247,-0.029761,0.432428,0.000000,0.000000,-0.022243,0,0.000000,0.5017,0.0000,0.2100
525,100,-3.4000,0,-1,0,-1,0.939741,0.018386,0.417412,0.000000,0.000000,0.008837,0,0.000000,0.5008,0.0000,0.2000
526,100,-99.1000,0,-1,0,-1,1.589852,-0.026314,0.334514,0.000000,0.000000,-0.013329,0,0.000000,0.4998,0.0000,0.2000
527,100,-4.2000,0,-1,0,-1,1.294145,0.000753,0.346269,0.000000,0.000000,-0.003306,0,0.000000,0.4988,0.0000,0.2000
528,100,-69.6000,0,-1,0,-1,1.666521,-0.003063,0.282183,0.000000,0.000000,-0.001993,0,0.000000,0.4979,0.0000,0.2000
529,100,-69.4000,0,-1,0,-1,0.843557,-0.003061,0.508218,0.000000,0.000000,-0.008928,0,0.000000,0.4969,0.0000,0.2000
530,100,-37.8000,0,-1,0,-1,0.761501,-0.003699,0.461763,0.000000,0.000000,-0.000969,0,0.000000,0.4960,0.0000,0.2000
531,17,-2.9800,1,-1,0,-1,1.587437,0.087542,0.281019,0.000000,0.000000,0.041504,0,0.000000,0.4950,0.0000,0.2100
532,100,-3.7000,0,-1,0,-1,1.233358,0.048760,0.411133,0.000000,0.000000,0.053073,0,0.000000,0.4941,0.0000,0.2100
533,100,-3.7000,0,-1,0,-1,1.252673,0.014527,0.417091,0.000000,0.000000,0.013446,0,0.000000,0.4931,0.0000,0.2000
534,100,-98.5000,0,-1,0,-1,1.394769,-0.001086,0.401722,0.000000,0.000000,0.009512,0,0.000000,0.4922,0.0000,0.2000
535,100,-39.3000,0,-1,0,-1,1.306273,-0.012140,0.296656,0.000000,0.000000,-0.018841,0,0.000000,0.4912,0.0000,0.2000
536,100,-98.6000,0,-1,0,-1,1.682868,0.058200,0.298292,0.000000,0.000000,0.062302,0,0.000000,0.4903,0.0000,0.1900
537,100,-8.7000,0,-1,0,-1,1.568110,0.060813,0.459518,0.000000,0.000000,0.054715,0,0.000000,0.4893,0.0000,0.1800
538,100,-218.4000,0,-1,0,-1,1.519794,0.011057,0.427595,0.000000,0.000000,0.013139,0,0.000000,0.4884,0.0000,0.1700
539,23,-3.4200,1,-1,0,-1,1.204319,-0.012412,0.436440,0.000000,0.000000,-0.012588,0,0.000000,0.4874,0.0000,0.1700
540,100,-67.9000,0,-1,0,-1,1.247756,0.002877,0.415880,0.000000,0.000000,0.000452,0,0.000000,0.4865,0.0000,0.1600
541,59,-35.6600,1,-1,0,-1,1.599980,-0.004461,0.322285,0.000000,0.000000,-0.005801,0,0.000000,0.4855,0.0000,0.1600
542,100,-8.8000,0,-1,0,-1,1.825690,0.032373,0.313791,0.000000,0.000000,0.033504,0,0.000000,0.4846,0.0000,0.1600
543,100,-39.0000,0,-1,0,-1,1.360754,-0.011148,0.335081,0.000000,0.000000,-0.012905,0,0.000000,0.4836,0.0000,0.1500
544,51,-36.3400,1,-1,0,-1,2.159080,0.023692,0.170782,0.000000,0.000000,0.034686,0,0.000000,0.4827,0.0000,0.1500
545,100,-160.7000,0,-1,0,-1,1.527735,0.040069,0.365107,0.000000,0.000000,0.040383,0,0.000000,0.4817,0.0000,0.1400
546,48,-5.9200,1,-1,0,-1,1.147920,0.036972,0.442879,0.000000,0.000000,0.025939,0,0.000000,0.4808,0.0000,0.1500
547,94,-129.1600,1,-1,0,-1,1.653386,0.037065,0.233537,0.000000,0.000000,0.035713,0,0.000000,0.4798,0.0000,0.1600
548,100,-98.1000,0,-1,0,-1,1.279670,0.016593,0.384271,0.000000,0.000000,0.017477,0,0.000000,0.4789,0.0000,0.1500
549,100,-3.3000,0,-1,0,-1,2.046428,0.032904,0.243819,0.000000,0.000000,0.028677,0,0.000000,0.4779,0.0000,0.1500
550,87,-37.9800,1,-1,0,-1,1.266120,0.007821,0.402341,0.000000,0.000000,0.011708,0,0.000000,0.4770,0.0000,0.1600
551,54,-65.9600,1,-1,0,-1,1.333657,-0.049625,0.430107,0.000000,0.000000,-0.040286,0,0.000000,0.4760,0.0000,0.1700
552,90,-99.2000,1,-1,0,-1,2.218345,0.011212,0.171536,0.000000,0.000000,0.009509,0,0.000000,0.4751,0.0000,0.1700
553,28,-4.1200,1,-1,0,-1,0.868427,-0.019349,0.530510,0.000000,0.000000,-0.016606,0,0.000000,0.4741,0.0000,0.1800
554,58,-7.3200,1,-1,0,-1,1.648437,0.026166,0.365157,0.000000,0.000000,0.030353,0,0.000000,0.4732,0.0000,0.1800
555,63,-126.8200,1,-1,0,-1,1.060736,-0.024652,0.259319,0.000000,0.000000,-0.029942,0,0.000000,0.4722,0.0000,0.1900
556,100,-159.5000,0,-1,0,-1,1.297927,0.038422,0.272006,0.000000,0.000000,0.036115,0,0.000000,0.4713,0.0000,0.1900
557,100,-8.9000,0,-1,0,-1,1.582757,0.046443,0.354693,0.000000,0.000000,0.048007,0,0.000000,0.4703,0.0000,0.1900
558,100,-98.1000,0,-1,0,-1,1.205668,0.016198,0.347144,0.000000,0.000000,0.013103,0,0.000000,0.4694,0.0000,0.1900
559,30,-3.8000,1,-1,0,-1,1.849233,0.027806,0.188276,0.000000,0.000000,0.030309,0,0.000000,0.4684,0.0000,0.2000
560,37,-4.3800,1,-1,0,-1,2.194418,0.053343,0.057737,0.000000,0.000000,0.060515,0,0.000000,0.4675,0.0000,0.2100
561,76,-37.0400,1,-1,0,-1,1.449752,0.049299,0.326287,0.000000,0.000000,0.044942,0,0.000000,0.4665,0.0000,0.2200
562,100,-248.2000,0,-1,0,-1,1.681138,0.031676,0.313481,0.000000,0.000000,0.032833,0,0.000000,0.4656,0.0000,0.2200
563,48,-5.5200,1,-1,0,-1,1.803880,0.086052,0.362299,0.000000,0.000000,0.083979,0,0.000000,0.4646,0.0000,0.2300
564,100,-68.8000,0,-1,0,-1,1.712276,0.021747,0.324877,0.000000,0.000000,0.024999,0,0.000000,0.4637,0.0000,0.2300
565,100,-38.9000,0,-1,0,-1,1.472017,-0.009004,0.401205,0.000000,0.000000,-0.011222,0,0.000000,0.4627,0.0000,0.2300
566,100,-38.7000,0,-1,0,-1,1.571123,-0.001959,0.329015,0.000000,0.000000,-0.002762,0,0.000000,0.4618,0.0000,0.2300
567,100,-8.3000,0,-1,0,-1,1.788276,-0.056212,0.403067,0.000000,0.000000,-0.047476,0,0.000000,0.4608,0.0000,0.2300
568,100,-3.9000,0,-1,0,-1,1.899678,-0.030747,0.412279,0.000000,0.000000,-0.033422,0,0.000000,0.4599,0.0000,0.2300
569,100,-129.7000,0,-1,0,-1,1.510620,-0.042966,0.397837,0.000000,0.000000,-0.041723,0,0.000000,0.4589,0.0000,0.2300
570,100,-39.3000,0,-1,0,-1,1.920990,-0.051782,0.385223,0.000000,0.000000,-0.053808,0,0.000000,0.4580,0.0000,0.2300
571,100,-128.4000,0,-1,0,-1,1.229775,-0.022142,0.406594,0.000000,0.000000,-0.025679,0,0.000000,0.4570,0.0000,0.2300
572,100,-279.9000,0,-1,0,-1,1.093847,-0.000750,0.361234,0.000000,0.000000,0.004257,0,0.000000,0.4561,0.0000,0.2300
573,100,-5.3000,0,-1,0,-1,2.334330,-0.084718,0.188463,0.000000,0.000000,-0.088677,0,0.000000,0.4551,0.0000,0.2300
574,100,-10.4000,0,-1,0,-1,2.094105,0.049335,0.233420,0.000000,0.000000,0.046244,0,0.000000,0.4542,0.0000,0.2300
575,100,-39.7000,0,-1,0,-1,1.946012,0.022935,0.203037,0.000000,0.000000,0.028277,0,0.000000,0.4532,0.0000,0.2300
576,100,-3.5000,0,-1,0,-1,1.531392,0.010163,0.193758,0.000000,0.000000,0.007559,0,0.000000,0.4523,0.0000,0.2300
577,100,-190.3000,0,-1,0,-1,2.873449,0.108674,0.171577,0.000000,0.000000,0.106347,0,0.000000,0.4513,0.0000,0.2300
578,100,-69.3000,0,-1,0,-1,2.103774,0.031877,0.172780,0.000000,0.000000,0.027263,0,0.000000,0.4504,0.0000,0.2300
579,100,-4.0000,0,-1,0,-1,1.640885,0.028900,0.240370,0.000000,0.000000,0.030554,0,0.000000,0.4494,0.0000,0.2300
580,100,-5.3000,0,-1,0,-1,1.494669,0.048265,0.109614,0.000000,0.000000,0.053837,0,0.000000,0.4484,0.0000,0.2300
581,100,-4.2000,0,-1,0,-1,2.335359,0.095062,0.138617,0.000000,0.000000,0.091744,0,0.000000,0.4475,0.0000,0.2300
582,100,-6.2000,0,-1,0,-1,2.406024,0.087080,0.118906,0.000000,0.000000,0.087354,0,0.000000,0.4465,0.0000,0.2300
583,100,-9.9000,0,-1,0,-1,1.951518,0.023658,0.173564,0.000000,0.000000,0.022506,0,0.000000,0.4456,0.0000,0.2300
584,100,-3.4000,0,-1,0,-1,1.935990,0.037569,0.191704,0.000000,0.000000,0.038598,0,0.000000,0.4446,0.0000,0.2300
585,83,-8.0200,1,-1,0,-1,1.971716,0.068039,0.260008,0.000000,0.000000,0.069360,0,0.000000,0.4437,0.0000,0.2300
586,100,-4.8000,0,-1,0,-1,2.075462,0.055571,0.078739,0.000000,0.000000,0.049524,0,0.000000,0.4427,0.0000,0.2300
587,100,-3.7000,0,-1,0,-1,2.215653,0.074791,0.117078,0.000000,0.000000,0.077560,0,0.000000,0.4418,0.0000,0.2300
588,100,-3.6000,0,-1,0,-1,1.470158,0.049893,0.297392,0.000000,0.000000,0.050903,0,0.000000,0.4408,0.0000,0.2300
589,100,-100.5000,0,-1,0,-1,2.340460,0.105951,0.176120,0.000000,0.000000,0.091505,0,0.000000,0.4399,0.0000,0.2300
590,53,-5.8200,1,-1,0,-1,1.445257,0.026610,0.323776,0.000000,0.000000,0.058292,0,0.000000,0.4389,0.0000,0.2400
591,100,-38.7000,0,-1,0,-1,1.449903,0.030296,0.129720,0.000000,0.000000,0.023745,0,0.000000,0.4380,0.0000,0.2400
592,58,-35.7200,1,-1,0,-1,2.224381,0.087225,0.098092,0.000000,0.000000,0.094155,0,0.000000,0.4370,0.0000,0.2500
593,100,-70.6000,0,-1,0,-1,1.549561,0.051002,0.239615,0.000000,0.000000,0.056869,0,0.000000,0.4361,0.0000,0.2500
594,100,-4.6000,0,-1,0,-1,2.829375,0.109062,0.076317,0.000000,0.000000,0.100351,0,0.000000,0.4351,0.0000,0.2500
595,100,-159.7000,0,-1,0,-1,2.284836,0.055562,0.171450,0.000000,0.000000,0.071771,0,0.000000,0.4342,0.0000,0.2400
596,100,-3.6000,0,-1,0,-1,1.440459,0.025929,0.272984,0.000000,0.000000,0.014570,0,0.000000,0.4332,0.0000,0.2400
597,29,-32.2600,1,-1,0,-1,2.283243,0.074591,0.115486,0.000000,0.000000,0.087936,0,0.000000,0.4323,0.0000,0.2500
598,100,-68.0000,0,-1,0,-1,2.081733,0.037792,0.032909,0.000000,0.000000,0.037426,0,0.000000,0.4313,0.0000,0.2500
599,100,-4.2000,0,-1,0,-1,2.028088,0.038204,0.066703,0.000000,0.000000,0.038649,0,0.000000,0.4304,0.0000,0.2500
600,100,-38.6000,0,-1,0,-1,2.002518,0.045289,0.122310,0.000000,0.000000,0.045751,0,0.000000,0.4294,0.0000,0.2500
601,100,-7.8000,0,-1,0,-1,2.488646,0.090894,0.020299,0.000000,0.000000,0.085624,0,0.000000,0.4285,0.0000,0.2500
602,8,-30.3200,1,-1,0,-1,0.111902,-0.012079,0.047792,0.000000,0.000000,0.025035,0,0.000000,0.4275,0.0000,0.2600
603,100,-39.6000,0,-1,0,-1,2.185261,0.093843,0.053383,0.000000,0.000000,0.083051,0,0.000000,0.4266,0.0000,0.2600
604,100,-68.6000,0,-1,0,-1,2.072085,0.069923,0.147665,0.000000,0.000000,0.081481,0,0.000000,0.4256,0.0000,0.2500
605,70,-36.4000,1,-1,0,-1,2.005275,0.073502,0.132473,0.000000,0.000000,0.073094,0,0.000000,0.4247,0.0000,0.2600
606,100,-68.4000,0,-1,0,-1,2.599094,0.101468,0.098729,0.000000,0.000000,0.103149,0,0.000000,0.4237,0.0000,0.2600
607,31,-33.5400,1,-1,0,-1,2.664614,0.128249,0.116225,0.000000,0.000000,0.121135,0,0.000000,0.4228,0.0000,0.2700
608,100,-8.2000,0,-1,0,-1,2.052657,0.028065,0.138295,0.000000,0.000000,0.017733,0,0.000000,0.4218,0.0000,0.2700
609,100,-3.3000,0,-1,0,-1,1.573473,0.015724,0.021700,0.000000,0.000000,0.024003,0,0.000000,0.4209,0.0000,0.2700
610,100,-33.8000,0,-1,0,-1,2.010145,0.048752,0.015814,0.000000,0.000000,0.051160,0,0.000000,0.4199,0.0000,0.2700
611,74,-6.7600,1,-1,0,-1,1.548410,0.023068,0.011805,0.000000,0.000000,0.022857,0,0.000000,0.4190,0.0000,0.2800
612,35,-34.5000,1,-1,0,-1,2.437775,0.059632,-0.039637,0.000000,0.000000,0.057228,0,0.000000,0.4180,0.0000,0.2900
613,49,-5.8600,1,-1,0,-1,2.194633,0.074421,0.126924,0.000000,0.000000,0.076154,0,0.000000,0.4171,0.0000,0.3000
614,43,-4.6200,1,-1,0,-1,0.855297,-0.020986,0.173282,0.000000,0.000000,-0.012335,0,0.000000,0.4161,0.0000,0.3100
615,100,-34.1000,0,-1,0,-1,2.304474,0.081139,0.040466,0.000000,0.000000,0.076143,0,0.000000,0.4152,0.0000,0.3100
616,98,-188.9200,1,-1,0,-1,1.930929,-0.005958,0.119885,0.000000,0.000000,-0.004494,0,0.000000,0.4142,0.0000,0.3200
617,69,-37.0600,1,-1,0,-1,1.577690,0.026844,0.122070,0.000000,0.000000,0.024206,0,0.000000,0.4133,0.0000,0.3300
618,61,-6.3400,1,-1,0,-1,1.087182,-0.011191,0.112972,0.000000,0.000000,-0.013869,0,0.000000,0.4123,0.0000,0.3300
619,100,-64.5000,0,-1,0,-1,1.487160,0.033443,0.133313,0.000000,0.000000,0.036113,0,0.000000,0.4114,0.0000,0.3200
620,73,-6.4200,1,-1,0,-1,2.003413,0.038863,0.051555,0.000000,0.000000,0.041413,0,0.000000,0.4104,0.0000,0.3200
621,28,-3.9200,1,-1,0,-1,1.126937,-0.053984,0.282899,0.000000,0.000000,-0.049013,0,0.000000,0.4095,0.0000,0.3300
622,100,-2.5000,0,-1,0,-1,2.077277,-0.001952,0.021759,0.000000,0.000000,-0.005975,0,0.000000,0.4085,0.0000,0.3300
623,86,-8.0400,1,-1,0,-1,1.396382,0.022156,0.200970,0.000000,0.000000,0.024699,0,0.000000,0.4076,0.0000,0.3400
624,67,-36.3800,1,-1,0,-1,1.964733,-0.002833,0.159591,0.000000,0.000000,-0.007353,0,0.000000,0.4066,0.0000,0.3400
625,25,-3.5000,1,-1,0,-1,2.971729,-0.077219,0.050021,0.000000,0.000000,-0.063767,0,0.000000,0.4057,0.0000,0.3500
626,54,-66.1600,1,-1,0,-1,1.864026,-0.021152,0.147720,0.000000,0.000000,-0.024840,0,0.000000,0.4047,0.0000,0.3600
627,65,-6.5000,1,-1,0,-1,2.538464,-0.104982,0.170114,0.000000,0.000000,-0.099967,0,0.000000,0.4038,0.0000,0.3700
628,100,-69.1000,0,-1,0,-1,2.273307,-0.053712,0.108284,0.000000,0.000000,-0.056764,0,0.000000,0.4028,0.0000,0.3700
629,100,-4.5000,0,-1,0,-1,1.761123,-0.016371,0.132272,0.000000,0.000000,-0.019668,0,0.000000,0.4019,0.0000,0.3700
630,100,-5.0000,0,-1,0,-1,1.940712,0.022106,0.091914,0.000000,0.000000,0.023804,0,0.000000,0.4009,0.0000,0.3700
631,100,-3.8000,0,-1,0,-1,1.793938,0.004734,0.121693,0.000000,0.000000,0.008433,0,0.000000,0.3999,0.0000,0.3600
632,100,-4.0000,0,-1,0,-1,1.696511,0.003213,0.100131,0.000000,0.000000,0.003426,0,0.000000,0.3990,0.0000,0.3600
633,100,-3.5000,0,-1,0,-1,1.442255,0.008914,0.163317,0.000000,0.000000,0.005703,0,0.000000,0.3980,0.0000,0.3600
634,100,-3.8000,0,-1,0,-1,1.615065,0.002998,0.139620,0.000000,0.000000,0.003123,0,0.000000,0.3971,0.0000,0.3600
635,100,-2.4000,0,-1,0,-1,2.072502,-0.001075,0.018528,0.000000,0.000000,0.013409,0,0.000000,0.3961,0.0000,0.3600
636,100,-3.5000,0,-1,0,-1,1.661562,0.016513,0.141091,0.000000,0.000000,0.002101,0,0.000000,0.3952,0.0000,0.3600
637,100,-3.3000,0,-1,0,-1,1.455057,-0.056237,0.166252,0.000000,0.000000,-0.053220,0,0.000000,0.3942,0.0000,0.3600
638,100,-4.0000,0,-1,0,-1,1.896064,0.014029,0.049552,0.000000,0.000000,0.010454,0,0.000000,0.3933,0.0000,0.3600
639,100,-3.1000,0,-1,0,-1,1.755552,0.026869,0.159797,0.000000,0.000000,0.027551,0,0.000000,0.3923,0.0000,0.3500
640,100,-2.9000,0,-1,0,-1,1.583273,-0.008402,0.123407,0.000000,0.000000,-0.014937,0,0.000000,0.3914,0.0000,0.3500
641,100,-3.2000,0,-1,0,-1,1.550273,0.009233,0.116023,0.000000,0.000000,0.016098,0,0.000000,0.3904,0.0000,0.3400
642,100,-2.9000,0,-1,0,-1,1.986533,-0.064702,0.212097,0.000000,0.000000,-0.065423,0,0.000000,0.3895,0.0000,0.3400
643,100,-2.7000,0,-1,0,-1,2.234901,-0.033123,0.090426,0.000000,0.000000,-0.033418,0,0.000000,0.3885,0.0000,0.3400
644,100,-3.8000,0,-1,0,-1,1.617030,-0.007258,0.107782,0.000000,0.000000,-0.005071,0,0.000000,0.3876,0.0000,0.3300
645,100,-4.2000,0,-1,0,-1,1.782743,-0.028564,0.107370,0.000000,0.000000,-0.026941,0,0.000000,0.3866,0.0000,0.3300
646,100,-3.9000,0,-1,0,-1,1.520644,-0.004472,0.097376,0.000000,0.000000,-0.005440,0,0.000000,0.3857,0.0000,0.3200
647,100,-3.6000,0,-1,0,-1,1.468433,0.016439,0.042368,0.000000,0.000000,0.010918,0,0.000000,0.3847,0.0000,0.3100
648,100,-4.0000,0,-1,0,-1,1.562428,0.039864,0.073623,0.000000,0.000000,0.039777,0,0.000000,0.3838,0.0000,0.3100
649,100,-3.4000,0,-1,0,-1,2.086076,0.033205,-0.024265,0.000000,0.000000,0.036868,0,0.000000,0.3828,0.0000,0.3100
650,100,-3.2000,0,-1,0,-1,2.395876,0.058242,-0.060663,0.000000,0.000000,0.056421,0,0.000000,0.3819,0.0000,0.3000
651,100,-3.4000,0,-1,0,-1,1.869005,0.072259,0.032308,0.000000,0.000000,0.071188,0,0.000000,0.3809,0.0000,0.2900
652,100,-3.8000,0,-1,0,-1,2.500407,0.080971,-0.059667,0.000000,0.000000,0.080691,0,0.000000,0.3800,0.0000,0.2800
653,100,-2.8000,0,-1,0,-1,1.509252,0.044325,-0.049649,0.000000,0.000000,0.044656,0,0.000000,0.3790,0.0000,0.2700
654,100,-3.4000,0,-1,0,-1,2.269094,0.099482,-0.169268,0.000000,0.000000,0.099595,0,0.000000,0.3781,0.0000,0.2600
655,100,-3.2000,0,-1,0,-1,2.040394,0.070942,-0.028885,0.000000,0.000000,0.073472,0,0.000000,0.3771,0.0000,0.2500
656,100,-2.8000,0,-1,0,-1,2.018561,0.043406,-0.049126,0.000000,0.000000,0.039439,0,0.000000,0.3762,0.0000,0.2500
657,100,-3.4000,0,-1,0,-1,2.261591,0.077449,-0.052526,0.000000,0.000000,0.080535,0,0.000000,0.3752,0.0000,0.2500
658,100,-4.0000,0,-1,0,-1,2.171460,0.046117,-0.088842,0.000000,0.000000,0.052559,0,0.000000,0.3743,0.0000,0.2500
659,100,-3.1000,0,-1,0,-1,1.831605,0.058093,-0.044806,0.000000,0.000000,0.047012,0,0.000000,0.3733,0.0000,0.2400
660,100,-3.4000,0,-1,0,-1,1.790861,0.051219,-0.049585,0.000000,0.000000,0.052096,0,0.000000,0.3724,0.0000,0.2300
661,100,-3.4000,0,-1,0,-1,2.181196,0.057228,-0.059275,0.000000,0.000000,0.064308,0,0.000000,0.3714,0.0000,0.2200
662,100,-2.4000,0,-1,0,-1,2.213775,0.046170,-0.081312,0.000000,0.000000,0.044627,0,0.000000,0.3705,0.0000,0.2200
663,100,-3.4000,0,-1,0,-1,2.028191,0.055693,-0.121350,0.000000,0.000000,0.055740,0,0.000000,0.3695,0.0000,0.2100
664,100,-2.7000,0,-1,0,-1,2.259842,0.047542,-0.046900,0.000000,0.000000,0.047520,0,0.000000,0.3686,0.0000,0.2100
665,100,-3.0000,0,-1,0,-1,2.137324,0.074817,-0.113833,0.000000,0.000000,0.076103,0,0.000000,0.3676,0.0000,0.2100
666,100,-3.0000,0,-1,0,-1,2.365872,0.091077,-0.059513,0.000000,0.000000,0.085987,0,0.000000,0.3667,0.0000,0.2100
667,100,-3.4000,0,-1,0,-1,1.482979,0.057867,-0.141549,0.000000,0.000000,0.056317,0,0.000000,0.3657,0.0000,0.2100
668,100,-2.4000,0,-1,0,-1,3.240978,0.142731,-0.210073,0.000000,0.000000,0.135898,0,0.000000,0.3648,0.0000,0.2100
669,100,-3.1000,0,-1,0,-1,2.312834,0.088809,-0.087492,0.000000,0.000000,0.097708,0,0.000000,0.3638,0.0000,0.2100
670,96,-7.8400,1,-1,0,-1,2.206515,0.060146,-0.033192,0.000000,0.000000,0.072641,0,0.000000,0.3629,0.0000,0.2200
671,33,-3.8200,1,-1,0,-1,2.731722,-0.075669,-0.248578,0.000000,0.000000,-0.085995,0,0.000000,0.3619,0.0000,0.2300
672,100,-3.1000,0,-1,0,-1,1.767416,0.028197,-0.079217,0.000000,0.000000,0.023800,0,0.000000,0.3610,0.0000,0.2300
673,100,-2.6000,0,-1,0,-1,1.446584,-0.006767,0.005725,0.000000,0.000000,-0.012199,0,0.000000,0.3600,0.0000,0.2300
674,100,-2.9000,0,-1,0,-1,2.620174,0.091871,-0.129658,0.000000,0.000000,0.093813,0,0.000000,0.3591,0.0000,0.2300
675,100,-2.5000,0,-1,0,-1,1.859497,0.025175,-0.023813,0.000000,0.000000,0.030319,0,0.000000,0.3581,0.0000,0.2300
676,100,-2.8000,0,-1,0,-1,1.865049,0.026765,-0.075849,0.000000,0.000000,0.023968,0,0.000000,0.3572,0.0000,0.2300
677,100,-3.3000,0,-1,0,-1,1.735580,0.014876,-0.032057,0.000000,0.000000,0.019911,0,0.000000,0.3562,0.0000,0.2300
678,100,-3.0000,0,-1,0,-1,1.585152,0.027964,-0.048392,0.000000,0.000000,0.023520,0,0.000000,0.3553,0.0000,0.2300
679,100,-3.1000,0,-1,0,-1,2.191665,0.043031,-0.124599,0.000000,0.000000,0.047813,0,0.000000,0.3543,0.0000,0.2300
680,100,-3.2000,0,-1,0,-1,2.054321,-0.024287,-0.088971,0.000000,0.000000,-0.031157,0,0.000000,0.3534,0.0000,0.2300
681,100,-3.2000,0,-1,0,-1,1.620725,0.031722,-0.047726,0.000000,0.000000,0.026686,0,0.000000,0.3524,0.0000,0.2300
682,100,-2.6000,0,-1,0,-1,1.816295,0.011171,-0.017487,0.000000,0.000000,0.020570,0,0.000000,0.3515,0.0000,0.2300
683,50,-125.4000,1,-1,0,-1,1.705726,-0.000846,-0.068846,0.000000,0.000000,-0.013316,0,0.000000,0.3505,0.0000,0.2400
684,100,-3.4000,0,-1,0,-1,1.751576,0.039538,-0.109254,0.000000,0.000000,0.040945,0,0.000000,0.3495,0.0000,0.2400
685,100,-2.4000,0,-1,0,-1,1.559993,0.054370,-0.113210,0.000000,0.000000,0.055672,0,0.000000,0.3486,0.0000,0.2300
686,100,-3.8000,0,-1,0,-1,2.184402,0.056825,-0.101150,0.000000,0.000000,0.060300,0,0.000000,0.3476,0.0000,0.2300
687,100,-3.2000,0,-1,0,-1,2.328157,0.080508,-0.108020,0.000000,0.000000,0.073018,0,0.000000,0.3467,0.0000,0.2300
688,59,-6.4600,1,-1,0,-1,1.305538,0.052035,-0.000388,0.000000,0.000000,0.055795,0,0.000000,0.3457,0.0000,0.2400
689,100,-3.3000,0,-1,0,-1,1.905392,-0.022456,-0.090274,0.000000,0.000000,-0.017088,0,0.000000,0.3448,0.0000,0.2400
690,85,-99.5000,1,-1,0,-1,1.777151,0.047352,-0.102281,0.000000,0.000000,0.032519,0,0.000000,0.3438,0.0000,0.2400
691,37,-33.9800,1,-1,0,-1,2.391721,0.025469,-0.206632,0.000000,0.000000,0.047869,0,0.000000,0.3429,0.0000,0.2500
692,100,-8.3000,0,-1,0,-1,1.520023,0.026845,-0.133193,0.000000,0.000000,0.028237,0,0.000000,0.3419,0.0000,0.2400
693,100,-3.8000,0,-1,0,-1,2.475198,0.052590,-0.228082,0.000000,0.000000,0.049962,0,0.000000,0.3410,0.0000,0.2400
694,43,-35.6200,1,-1,0,-1,1.307356,0.008294,0.006359,0.000000,0.000000,0.002430,0,0.000000,0.3400,0.0000,0.2500
695,56,-5.6400,1,-1,0,-1,2.435347,0.078932,-0.295468,0.000000,0.000000,0.086603,0,0.000000,0.3391,0.0000,0.2600
696,73,-36.6200,1,-1,0,-1,3.897602,0.158594,-0.269513,0.000000,0.000000,0.149667,0,0.000000,0.3381,0.0000,0.2700
697,92,-8.6800,1,-1,0,-1,1.301158,0.016737,-0.090922,0.000000,0.000000,0.027191,0,0.000000,0.3372,0.0000,0.2700
698,48,-5.5200,1,-1,0,-1,1.396412,0.066614,-0.263136,0.000000,0.000000,0.061964,0,0.000000,0.3362,0.0000,0.2800
699,100,-40.0000,0,-1,0,-1,2.160866,0.096166,-0.104008,0.000000,0.000000,0.093965,0,0.000000,0.3353,0.0000,0.2800
700,100,-40.3000,0,-1,0,-1,1.957679,0.001396,-0.062954,0.000000,0.000000,0.002079,0,0.000000,0.3343,0.0000,0.2800
701,91,-68.7400,1,-1,0,-1,1.725248,0.033282,-0.012982,0.000000,0.000000,0.034290,0,0.000000,0.3334,0.0000,0.2900
702,100,-93.9000,0,-1,0,-1,1.600114,-0.004679,-0.038304,0.000000,0.000000,-0.004210,0,0.000000,0.3324,0.0000,0.2800
703,31,-4.3400,1,-1,0,-1,0.839840,0.017579,0.123171,0.000000,0.000000,0.019188,0,0.000000,0.3315,0.0000,0.2900
704,100,-2.7000,0,-1,0,-1,2.056984,0.018069,-0.063240,0.000000,0.000000,0.020724,0,0.000000,0.3305,0.0000,0.2900
705,100,-2.5000,0,-1,0,-1,1.924531,0.030179,-0.105870,0.000000,0.000000,0.020561,0,0.000000,0.3296,0.0000,0.2800
706,100,-3.8000,0,-1,0,-1,1.739168,0.001608,0.021086,0.000000,0.000000,0.012679,0,0.000000,0.3286,0.0000,0.2800
707,54,-36.3600,1,-1,0,-1,0.625123,-0.015937,0.118139,0.000000,0.000000,-0.026746,0,0.000000,0.3277,0.0000,0.2800
708,66,-6.4400,1,-1,0,-1,1.802106,-0.003364,-0.081081,0.000000,0.000000,-0.001193,0,0.000000,0.3267,0.0000,0.2900
709,100,-3.3000,0,-1,0,-1,1.227595,0.028095,0.029716,0.000000,0.000000,0.023601,0,0.000000,0.3258,0.0000,0.2900
710,100,-3.2000,0,-1,0,-1,1.557738,0.003659,0.041782,0.000000,0.000000,0.002511,0,0.000000,0.3248,0.0000,0.2900
711,100,-62.9000,0,-1,0,-1,1.856283,-0.009659,-0.104692,0.000000,0.000000,-0.004025,0,0.000000,0.3239,0.0000,0.2800
712,100,-8.8000,0,-1,0,-1,1.608826,0.009145,-0.175243,0.000000,0.000000,0.009960,0,0.000000,0.3229,0.0000,0.2700
713,58,-5.5200,1,-1,0,-1,1.858434,0.021901,-0.153396,0.000000,0.000000,0.016776,0,0.000000,0.3220,0.0000,0.2700
714,54,-33.3600,1,-1,0,-1,2.276551,0.087678,-0.117427,0.000000,0.000000,0.093901,0,0.000000,0.3210,0.0000,0.2700
715,96,-9.2400,1,-1,0,-1,1.818262,-0.004130,-0.094739,0.000000,0.000000,-0.008074,0,0.000000,0.3201,0.0000,0.2800
716,100,-127.3000,0,-1,0,-1,1.989117,0.007446,-0.078342,0.000000,0.000000,0.012842,0,0.000000,0.3191,0.0000,0.2700
717,24,-3.1600,1,-1,0,-1,2.148865,0.079516,-0.118692,0.000000,0.000000,0.067097,0,0.000000,0.3182,0.0000,0.2700
718,20,-3.2000,1,-1,0,-1,0.824675,-0.005711,0.043812,0.000000,0.000000,-0.014506,0,0.000000,0.3172,0.0000,0.2700
719,100,-62.2000,0,-1,0,-1,1.972198,-0.017518,-0.141376,0.000000,0.000000,-0.010010,0,0.000000,0.3163,0.0000,0.2700
720,90,-8.8000,1,-1,0,-1,2.023688,0.050913,-0.064916,0.000000,0.000000,0.041314,0,0.000000,0.3153,0.0000,0.2700
721,29,-3.8600,1,-1,0,-1,1.625621,0.003614,-0.114864,0.000000,0.000000,0.015327,0,0.000000,0.3144,0.0000,0.2700
722,69,-5.4600,1,-1,0,-1,1.993908,0.031179,-0.116544,0.000000,0.000000,0.025508,0,0.000000,0.3134,0.0000,0.2800
723,72,-6.0800,1,-1,0,-1,1.674202,-0.027972,-0.029438,0.000000,0.000000,-0.023792,0,0.000000,0.3125,0.0000,0.2800
724,86,-37.6400,1,-1,0,-1,1.531816,0.000517,-0.122675,0.000000,0.000000,-0.000792,0,0.000000,0.3115,0.0000,0.2800
725,70,-6.0000,1,-1,0,-1,1.684203,0.005329,-0.031312,0.000000,0.000000,0.008922,0,0.000000,0.3106,0.0000,0.2800
726,81,-37.1400,1,-1,0,-1,2.198709,0.011820,-0.176661,0.000000,0.000000,0.007337,0,0.000000,0.3096,0.0000,0.2800
727,100,-33.1000,0,-1,0,-1,1.844769,0.000879,-0.107131,0.000000,0.000000,0.006061,0,0.000000,0.3087,0.0000,0.2700
728,21,-3.5400,1,-1,0,-1,2.099242,0.002790,-0.085761,0.000000,0.000000,-0.006279,0,0.000000,0.3077,0.0000,0.2800
729,75,-7.3000,1,-1,0,-1,2.039934,-0.008169,-0.107939,0.000000,0.000000,-0.007449,0,0.000000,0.3068,0.0000,0.2900
730,100,-2.8000,0,-1,0,-1,2.341261,0.039740,-0.183273,0.000000,0.000000,0.031476,0,0.000000,0.3058,0.0000,0.2900
731,100,-69.7000,0,-1,0,-1,1.985239,0.005549,-0.169633,0.000000,0.000000,0.006741,0,0.000000,0.3049,0.0000,0.2900
732,100,-37.8000,0,-1,0,-1,2.312369,0.017849,-0.160953,0.000000,0.000000,0.024160,0,0.000000,0.3039,0.0000,0.2900
733,100,-2.1000,0,-1,0,-1,1.767711,-0.018406,-0.100485,0.000000,0.000000,-0.018645,0,0.000000,0.3030,0.0000,0.2900
734,100,-2.8000,0,-1,0,-1,1.772045,0.009754,-0.065631,0.000000,0.000000,0.007754,0,0.000000,0.3020,0.0000,0.2900
735,10,-30.6000,1,-1,0,-1,1.963677,-0.036954,-0.260914,0.000000,0.000000,0.002756,0,0.000000,0.3011,0.0000,0.3000
736,35,-4.3000,1,-1,0,-1,2.169280,0.009939,-0.191056,0.000000,0.000000,0.004504,0,0.000000,0.3001,0.0000,0.3100
737,30,-3.6000,1,-1,0,-1,1.686307,0.073625,-0.181462,0.000000,0.000000,0.064407,0,0.000000,0.2991,0.0000,0.3200
738,97,-38.3800,1,-1,0,-1,1.969039,-0.029606,-0.149710,0.000000,0.000000,-0.024422,0,0.000000,0.2982,0.0000,0.3300
739,100,-8.8000,0,-1,0,-1,1.771317,-0.017587,-0.044671,0.000000,0.000000,-0.019027,0,0.000000,0.2972,0.0000,0.3300
740,100,-63.5000,0,-1,0,-1,1.720952,0.014178,-0.131585,0.000000,0.000000,0.015406,0,0.000000,0.2963,0.0000,0.3300
741,100,-2.7000,0,-1,0,-1,2.634058,0.033583,-0.290143,0.000000,0.000000,0.029799,0,0.000000,0.2953,0.0000,0.3300
742,40,-4.0000,1,-1,0,-1,2.212697,0.058707,-0.183481,0.000000,0.000000,0.043343,0,0.000000,0.2944,0.0000,0.3400
743,31,-3.5400,1,-1,0,-1,1.938711,0.089593,-0.080922,0.000000,0.000000,0.095535,0,0.000000,0.2934,0.0000,0.3500
744,40,-4.2000,1,-1,0,-1,1.933302,-0.047475,-0.100134,0.000000,0.000000,-0.029512,0,0.000000,0.2925,0.0000,0.3600
745,68,-6.7200,1,-1,0,-1,1.792575,-0.050328,-0.204957,0.000000,0.000000,-0.043957,0,0.000000,0.2915,0.0000,0.3700
746,48,-4.7200,1,-1,0,-1,1.030157,-0.006645,-0.155239,0.000000,0.000000,-0.009371,0,0.000000,0.2906,0.0000,0.3800
747,100,-7.0000,0,-1,0,-1,1.968391,0.054445,-0.143005,0.000000,0.000000,0.048364,0,0.000000,0.2896,0.0000,0.3800
748,100,-7.5000,0,-1,0,-1,1.630885,-0.030628,-0.079402,0.000000,0.000000,-0.027802,0,0.000000,0.2887,0.0000,0.3800
749,20,-3.0000,1,-1,0,-1,1.158420,0.026719,0.022184,0.000000,0.000000,0.015909,0,0.000000,0.2877,0.0000,0.3900
750,45,-34.7000,1,-1,0,-1,2.448353,-0.020063,-0.252188,0.000000,0.000000,-0.020601,0,0.000000,0.2868,0.0000,0.4000
751,33,-3.6200,1,-1,0,-1,2.035466,0.007128,-0.257372,0.000000,0.000000,0.024512,0,0.000000,0.2858,0.0000,0.4100
752,34,-3.7600,1,-1,0,-1,1.332425,0.043417,0.017951,0.000000,0.000000,0.027937,0,0.000000,0.2849,0.0000,0.4200
753,80,-37.0000,1,-1,0,-1,2.576821,-0.043875,-0.183636,0.000000,0.000000,-0.040597,0,0.000000,0.2839,0.0000,0.4300
754,24,-3.1600,1,-1,0,-1,1.896603,-0.089558,-0.090325,0.000000,0.000000,-0.081294,0,0.000000,0.2830,0.0000,0.4400
755,21,-3.1400,1,-1,0,-1,1.315379,0.019199,-0.048547,0.000000,0.000000,-0.006524,0,0.000000,0.2820,0.0000,0.4500
756,70,-5.6000,1,-1,0,-1,1.672614,0.013295,-0.063991,0.000000,0.000000,0.013913,0,0.000000,0.2811,0.0000,0.4600
757,26,-33.6400,1,-1,0,-1,2.311774,-0.056948,-0.052884,0.000000,0.000000,-0.039409,0,0.000000,0.2801,0.0000,0.4700
758,36,-4.4400,1,-1,0,-1,1.691525,-0.058120,-0.058030,0.000000,0.000000,-0.060904,0,0.000000,0.2792,0.0000,0.4800
759,76,-6.4400,1,-1,0,-1,1.515748,-0.002504,-0.091504,0.000000,0.000000,-0.002641,0,0.000000,0.2782,0.0000,0.4900
760,78,-36.3200,1,-1,0,-1,2.010754,-0.045170,-0.159155,0.000000,0.000000,-0.044255,0,0.000000,0.2773,0.0000,0.5000
761,30,-4.6000,1,-1,0,-1,1.457021,-0.023551,-0.172636,0.000000,0.000000,-0.023022,0,0.000000,0.2763,0.0000,0.5100
762,100,-2.2000,0,-1,0,-1,2.646514,0.059893,-0.298237,0.000000,0.000000,0.064217,0,0.000000,0.2754,0.0000,0.5100
763,100,-1.8000,0,-1,0,-1,1.977990,-0.015674,-0.159217,0.000000,0.000000,-0.021822,0,0.000000,0.2744,0.0000,0.5100
764,100,-2.7000,0,-1,0,-1,1.312773,-0.005880,-0.174857,0.000000,0.000000,-0.007335,0,0.000000,0.2735,0.0000,0.5100
765,41,-4.3400,1,-1,0,-1,2.049297,0.032472,-0.252210,0.000000,0.000000,0.039380,0,0.000000,0.2725,0.0000,0.5200
766,100,-2.5000,0,-1,0,-1,2.354995,0.014682,-0.189868,0.000000,0.000000,0.017640,0,0.000000,0.2716,0.0000,0.5200
767,100,-2.5000,0,-1,0,-1,1.738903,0.014349,-0.189964,0.000000,0.000000,0.015646,0,0.000000,0.2706,0.0000,0.5200
768,47,-123.1800,1,-1,0,-1,1.289290,-0.018411,-0.201897,0.000000,0.000000,-0.031232,0,0.000000,0.2697,0.0000,0.5300
769,100,-2.5000,0,-1,0,-1,1.744316,0.050543,-0.186130,0.000000,0.000000,0.049673,0,0.000000,0.2687,0.0000,0.5300
770,100,-2.8000,0,-1,0,-1,1.897048,-0.020208,-0.196360,0.000000,0.000000,-0.018834,0,0.000000,0.2678,0.0000,0.5200
771,81,-6.1400,1,-1,0,-1,2.151345,0.042252,-0.256782,0.000000,0.000000,0.039492,0,0.000000,0.2668,0.0000,0.5200
772,30,-3.6000,1,-1,0,-1,1.647010,0.001836,-0.055250,0.000000,0.000000,0.000185,0,0.000000,0.2659,0.0000,0.5300
773,100,-2.4000,0,-1,0,-1,1.919567,-0.006636,-0.173147,0.000000,0.000000,-0.003883,0,0.000000,0.2649,0.0000,0.5300
774,68,-35.7200,1,-1,0,-1,1.491564,-0.001822,-0.219925,0.000000,0.000000,-0.000951,0,0.000000,0.2640,0.0000,0.5400
775,71,-5.9400,1,-1,0,-1,2.059483,-0.016486,-0.226526,0.000000,0.000000,-0.004035,0,0.000000,0.2630,0.0000,0.5500
776,19,-3.2600,1,-1,0,-1,1.644123,-0.056514,-0.173434,0.000000,0.000000,-0.076116,0,0.000000,0.2621,0.0000,0.5600
777,70,-5.8000,1,-1,0,-1,1.413379,0.005671,-0.092612,0.000000,0.000000,-0.004052,0,0.000000,0.2611,0.0000,0.5700
778,63,-35.8200,1,-1,0,-1,1.733673,-0.068849,-0.138309,0.000000,0.000000,-0.052449,0,0.000000,0.2602,0.0000,0.5800
779,27,-3.5800,1,-1,0,-1,1.746283,0.046245,-0.175481,0.000000,0.000000,0.006321,0,0.000000,0.2592,0.0000,0.5900
780,100,-2.4000,0,-1,0,-1,1.561955,0.003846,-0.244996,0.000000,0.000000,0.005314,0,0.000000,0.2583,0.0000,0.5900
781,61,-5.5400,1,-1,0,-1,2.005364,0.019890,-0.141731,0.000000,0.000000,0.024052,0,0.000000,0.2573,0.0000,0.6000
782,31,-3.9400,1,-1,0,-1,1.769193,-0.030626,-0.135013,0.000000,0.000000,-0.043143,0,0.000000,0.2564,0.0000,0.6100
783,100,-2.3000,0,-1,0,-1,2.727790,-0.025899,-0.313567,0.000000,0.000000,-0.026726,0,0.000000,0.2554,0.0000,0.6000
784,59,-36.2600,1,-1,0,-1,2.084844,-0.008298,-0.318847,0.000000,0.000000,0.004773,0,0.000000,0.2545,0.0000,0.6100
785,60,-5.4000,1,-1,0,-1,1.600957,0.030591,-0.154431,0.000000,0.000000,0.020699,0,0.000000,0.2535,0.0000,0.6200
786,100,-2.3000,0,-1,0,-1,2.048837,-0.006987,-0.170847,0.000000,0.000000,-0.008203,0,0.000000,0.2526,0.0000,0.6200
787,100,-3.1000,0,-1,0,-1,1.849873,-0.001885,-0.223093,0.000000,0.000000,-0.002102,0,0.000000,0.2516,0.0000,0.6200
788,39,-4.4600,1,-1,0,-1,1.165251,-0.035696,-0.091189,0.000000,0.000000,-0.023498,0,0.000000,0.2507,0.0000,0.6200
789,100,-2.8000,0,-1,0,-1,1.763646,0.023373,-0.215630,0.000000,0.000000,0.016509,0,0.000000,0.2497,0.0000,0.6200
790,89,-6.8600,1,-1,0,-1,1.749761,-0.034029,-0.229515,0.000000,0.000000,-0.032348,0,0.000000,0.2487,0.0000,0.6200
791,100,-2.6000,0,-1,0,-1,1.605995,0.022400,-0.286503,0.000000,0.000000,0.020315,0,0.000000,0.2478,0.0000,0.6100
792,100,-2.0000,0,-1,0,-1,2.364983,0.023723,-0.249360,0.000000,0.000000,0.033127,0,0.000000,0.2468,0.0000,0.6100
793,75,-6.7000,1,-1,0,-1,1.547014,-0.018740,-0.118144,0.000000,0.000000,-0.030960,0,0.000000,0.2459,0.0000,0.6200
794,100,-7.7000,0,-1,0,-1,1.814572,0.003889,-0.264444,0.000000,0.000000,0.004553,0,0.000000,0.2449,0.0000,0.6100
795,62,-5.0800,1,-1,0,-1,1.738317,0.014726,-0.160543,0.000000,0.000000,0.022970,0,0.000000,0.2440,0.0000,0.6100
796,100,-2.3000,0,-1,0,-1,1.465531,-0.018255,-0.051629,0.000000,0.000000,-0.017542,0,0.000000,0.2430,0.0000,0.6000
797,30,-3.4000,1,-1,0,-1,1.366592,0.002343,-0.178086,0.000000,0.000000,-0.008146,0,0.000000,0.2421,0.0000,0.6000
798,96,-6.8400,1,-1,0,-1,1.785860,-0.047012,-0.210198,0.000000,0.000000,-0.040879,0,0.000000,0.2411,0.0000,0.6000
799,100,-2.5000,0,-1,0,-1,1.299765,0.012856,-0.122706,0.000000,0.000000,0.005829,0,0.000000,0.2402,0.0000,0.6000
800,84,-6.1600,1,-1,0,-1,2.104371,-0.025483,-0.219132,0.000000,0.000000,-0.030374,0,0.000000,0.2392,0.0000,0.6100
801,43,-4.4200,1,-1,0,-1,1.952633,-0.041714,-0.182796,0.000000,0.000000,-0.033569,0,0.000000,0.2383,0.0000,0.6100
802,100,-2.2000,0,-1,0,-1,1.919273,-0.007421,-0.222921,0.000000,0.000000,-0.007426,0,0.000000,0.2373,0.0000,0.6100
803,100,-9.1000,0,-1,0,-1,1.567340,-0.006069,-0.234449,0.000000,0.000000,-0.003317,0,0.000000,0.2364,0.0000,0.6000
804,100,-2.6000,0,-1,0,-1,1.634139,-0.003435,-0.235448,0.000000,0.000000,-0.004471,0,0.000000,0.2354,0.0000,0.6000
805,62,-5.2800,1,-1,0,-1,1.742178,-0.016520,-0.206893,0.000000,0.000000,-0.018738,0,0.000000,0.2345,0.0000,0.6100
806,82,-6.6800,1,-1,0,-1,1.855354,-0.001792,-0.323733,0.000000,0.000000,0.001215,0,0.000000,0.2335,0.0000,0.6200
807,65,-6.5000,1,-1,0,-1,1.588313,0.077864,-0.177826,0.000000,0.000000,0.073360,0,0.000000,0.2326,0.0000,0.6200
808,100,-3.8000,0,-1,0,-1,1.983994,-0.047041,-0.155612,0.000000,0.000000,-0.040808,0,0.000000,0.2316,0.0000,0.6100
809,83,-6.4200,1,-1,0,-1,2.016092,0.003981,-0.313847,0.000000,0.000000,-0.001345,0,0.000000,0.2307,0.0000,0.6200
810,100,-2.1000,0,-1,0,-1,1.116278,0.011258,-0.187992,0.000000,0.000000,0.011511,0,0.000000,0.2297,0.0000,0.6200
811,57,-5.5800,1,-1,0,-1,2.465377,-0.076585,-0.152360,0.000000,0.000000,-0.075760,0,0.000000,0.2288,0.0000,0.6300
812,100,-1.6000,0,-1,0,-1,1.960453,-0.083233,-0.146216,0.000000,0.000000,-0.080625,0,0.000000,0.2278,0.0000,0.6300
813,100,-2.5000,0,-1,0,-1,2.037178,-0.061344,-0.157840,0.000000,0.000000,-0.066932,0,0.000000,0.2269,0.0000,0.6200
814,78,-36.5200,1,-1,0,-1,1.914128,-0.051686,-0.209427,0.000000,0.000000,-0.046150,0,0.000000,0.2259,0.0000,0.6200
815,100,-33.2000,0,-1,0,-1,2.233905,-0.079679,-0.117171,0.000000,0.000000,-0.084608,0,0.000000,0.2250,0.0000,0.6100
816,100,-1.8000,0,-1,0,-1,2.380885,-0.083560,-0.198264,0.000000,0.000000,-0.080402,0,0.000000,0.2240,0.0000,0.6100
817,100,-2.0000,0,-1,0,-1,2.351338,-0.081530,-0.187655,0.000000,0.000000,-0.081959,0,0.000000,0.2231,0.0000,0.6000
818,100,-2.9000,0,-1,0,-1,1.712905,-0.035748,-0.165428,0.000000,0.000000,-0.039299,0,0.000000,0.2221,0.0000,0.5900
819,100,-2.4000,0,-1,0,-1,2.244597,-0.052820,-0.230259,0.000000,0.000000,-0.048322,0,0.000000,0.2212,0.0000,0.5900
820,100,-62.1000,0,-1,0,-1,1.619845,-0.021045,-0.227496,0.000000,0.000000,-0.018910,0,0.000000,0.2202,0.0000,0.5800
821,100,-1.8000,0,-1,0,-1,1.718842,-0.015581,-0.187919,0.000000,0.000000,-0.021120,0,0.000000,0.2193,0.0000,0.5700
822,100,-2.1000,0,-1,0,-1,1.516157,0.017454,-0.210147,0.000000,0.000000,0.018886,0,0.000000,0.2183,0.0000,0.5600
823,63,-5.2200,1,-1,0,-1,2.201709,0.002545,-0.297947,0.000000,0.000000,0.012304,0,0.000000,0.2174,0.0000,0.5600
824,91,-6.3400,1,-1,0,-1,2.070208,-0.049273,-0.283472,0.000000,0.000000,-0.053341,0,0.000000,0.2164,0.0000,0.5600
825,82,-5.8800,1,-1,0,-1,1.889262,0.005821,-0.263382,0.000000,0.000000,-0.000643,0,0.000000,0.2155,0.0000,0.5600
826,100,-2.6000,0,-1,0,-1,1.685884,0.006056,-0.212593,0.000000,0.000000,0.010487,0,0.000000,0.2145,0.0000,0.5500
827,100,-67.1000,0,-1,0,-1,1.506714,-0.013890,-0.200511,0.000000,0.000000,-0.012479,0,0.000000,0.2136,0.0000,0.5500
828,100,-2.4000,0,-1,0,-1,1.635715,0.001882,-0.184990,0.000000,0.000000,0.000772,0,0.000000,0.2126,0.0000,0.5400
829,100,-2.2000,0,-1,0,-1,1.783953,-0.010619,-0.215392,0.000000,0.000000,-0.012118,0,0.000000,0.2117,0.0000,0.5300
830,85,-6.9000,1,-1,0,-1,1.430003,0.006860,-0.133685,0.000000,0.000000,0.004560,0,0.000000,0.2107,0.0000,0.5400
831,20,-2.8000,1,-1,0,-1,1.565550,-0.066382,-0.245799,0.000000,0.000000,-0.031438,0,0.000000,0.2098,0.0000,0.5500
832,43,-4.0200,1,-1,0,-1,1.160665,0.003479,-0.176410,0.000000,0.000000,-0.000106,0,0.000000,0.2088,0.0000,0.5600
833,87,-7.3800,1,-1,0,-1,1.533153,-0.000603,-0.200735,0.000000,0.000000,-0.005344,0,0.000000,0.2079,0.0000,0.5700
834,94,-7.1600,1,-1,0,-1,1.866576,-0.040759,-0.236146,0.000000,0.000000,-0.037508,0,0.000000,0.2069,0.0000,0.5800
835,100,-5.3000,0,-1,0,-1,1.673170,0.001522,-0.319407,0.000000,0.000000,-0.007171,0,0.000000,0.2060,0.0000,0.5700
836,93,-7.8200,1,-1,0,-1,1.999082,-0.038705,-0.250291,0.000000,0.000000,-0.034575,0,0.000000,0.2050,0.0000,0.5700
837,62,-35.0800,1,-1,0,-1,2.274324,0.000456,-0.307088,0.000000,0.000000,0.001805,0,0.000000,0.2041,0.0000,0.5700
838,48,-5.1200,1,-1,0,-1,1.721262,-0.036867,-0.286659,0.000000,0.000000,-0.030081,0,0.000000,0.2031,0.0000,0.5700
839,100,-2.9000,0,-1,0,-1,2.127991,0.015574,-0.311919,0.000000,0.000000,0.011667,0,0.000000,0.2022,0.0000,0.5700
840,33,-4.0200,1,-1,0,-1,1.572442,-0.047630,-0.261410,0.000000,0.000000,-0.044003,0,0.000000,0.2012,0.0000,0.5800
841,100,-2.1000,0,-1,0,-1,1.254979,-0.015753,-0.137943,0.000000,0.000000,-0.008314,0,0.000000,0.2003,0.0000,0.5800
842,100,-69.5000,0,-1,0,-1,1.386930,-0.006893,-0.210678,0.000000,0.000000,-0.013990,0,0.000000,0.1993,0.0000,0.5700
843,22,-3.2800,1,-1,0,-1,2.582290,-0.130058,-0.073058,0.000000,0.000000,-0.106327,0,0.000000,0.1983,0.0000,0.5700
844,61,-35.5400,1,-1,0,-1,1.475490,-0.014102,-0.165327,0.000000,0.000000,-0.022436,0,0.000000,0.1974,0.0000,0.5700
845,100,-7.4000,0,-1,0,-1,1.342940,-0.011720,-0.209443,0.000000,0.000000,-0.011940,0,0.000000,0.1964,0.0000,0.5600
846,100,-2.8000,0,-1,0,-1,1.830074,-0.079248,-0.199672,0.000000,0.000000,-0.078088,0,0.000000,0.1955,0.0000,0.5500
847,21,-3.1400,1,-1,0,-1,2.247667,-0.051836,-0.123918,0.000000,0.000000,-0.029205,0,0.000000,0.1945,0.0000,0.5600
848,46,-5.6400,1,-1,0,-1,1.518126,0.000270,-0.260231,0.000000,0.000000,-0.001935,0,0.000000,0.1936,0.0000,0.5700
849,46,-4.2400,1,-1,0,-1,1.810991,-0.031357,-0.195618,0.000000,0.000000,-0.036759,0,0.000000,0.1926,0.0000,0.5700
850,100,-35.9000,0,-1,0,-1,2.393688,-0.093380,-0.197960,0.000000,0.000000,-0.086562,0,0.000000,0.1917,0.0000,0.5600
851,100,-4.8000,0,-1,0,-1,1.894437,-0.069896,-0.130655,0.000000,0.000000,-0.077262,0,0.000000,0.1907,0.0000,0.5500
852,50,-5.0000,1,-1,0,-1,1.833304,-0.064096,-0.269060,0.000000,0.000000,-0.058908,0,0.000000,0.1898,0.0000,0.5500
853,100,-37.7000,0,-1,0,-1,2.750885,-0.113895,-0.271389,0.000000,0.000000,-0.114546,0,0.000000,0.1888,0.0000,0.5400
854,100,-36.5000,0,-1,0,-1,2.070689,0.011713,-0.354821,0.000000,0.000000,0.007827,0,0.000000,0.1879,0.0000,0.5300
855,100,-36.6000,0,-1,0,-1,1.728201,-0.023864,-0.256723,0.000000,0.000000,-0.022214,0,0.000000,0.1869,0.0000,0.5200
856,100,-5.2000,0,-1,0,-1,1.599258,-0.023960,-0.246591,0.000000,0.000000,-0.026237,0,0.000000,0.1860,0.0000,0.5100
857,100,-36.8000,0,-1,0,-1,0.969631,-0.000362,-0.171357,0.000000,0.000000,0.004662,0,0.000000,0.1850,0.0000,0.5000
858,100,-2.2000,0,-1,0,-1,1.561978,-0.027734,-0.208098,0.000000,0.000000,-0.031602,0,0.000000,0.1841,0.0000,0.4900
859,100,-2.2000,0,-1,0,-1,1.158508,-0.022510,-0.187759,0.000000,0.000000,-0.017156,0,0.000000,0.1831,0.0000,0.4800
860,100,-6.3000,0,-1,0,-1,1.728389,-0.057358,-0.127816,0.000000,0.000000,-0.062364,0,0.000000,0.1822,0.0000,0.4700
861,82,-97.6800,1,-1,0,-1,2.622353,-0.109842,-0.290218,0.000000,0.000000,-0.103350,0,0.000000,0.1812,0.0000,0.4700
862,100,-1.7000,0,-1,0,-1,1.633873,-0.046931,-0.288547,0.000000,0.000000,-0.048926,0,0.000000,0.1803,0.0000,0.4700
863,100,-64.7000,0,-1,0,-1,1.169803,-0.020024,-0.214325,0.000000,0.000000,-0.020972,0,0.000000,0.1793,0.0000,0.4700
864,100,-67.1000,0,-1,0,-1,1.239693,-0.036049,-0.136130,0.000000,0.000000,-0.033134,0,0.000000,0.1784,0.0000,0.4700
865,100,-1.7000,0,-1,0,-1,2.271411,-0.082415,-0.226701,0.000000,0.000000,-0.081331,0,0.000000,0.1774,0.0000,0.4600
866,100,-2.0000,0,-1,0,-1,2.235885,-0.070044,-0.285381,0.000000,0.000000,-0.074917,0,0.000000,0.1765,0.0000,0.4600
867,100,-37.6000,0,-1,0,-1,1.923927,-0.071672,-0.251084,0.000000,0.000000,-0.070188,0,0.000000,0.1755,0.0000,0.4600
868,100,-1.8000,0,-1,0,-1,2.210774,-0.084983,-0.248898,0.000000,0.000000,-0.084825,0,0.000000,0.1746,0.0000,0.4500
869,100,-1.6000,0,-1,0,-1,1.567909,-0.042492,-0.238807,0.000000,0.000000,-0.044565,0,0.000000,0.1736,0.0000,0.4500
870,100,-2.0000,0,-1,0,-1,1.980142,-0.081401,-0.218309,0.000000,0.000000,-0.081877,0,0.000000,0.1727,0.0000,0.4500
871,27,-61.5800,1,-1,0,-1,1.282703,-0.008973,-0.168747,0.000000,0.000000,-0.010493,0,0.000000,0.1717,0.0000,0.4500
872,100,-2.4000,0,-1,0,-1,1.603305,-0.052262,-0.222655,0.000000,0.000000,-0.052261,0,0.000000,0.1708,0.0000,0.4400
873,100,-5.5000,0,-1,0,-1,2.175558,-0.085252,-0.270202,0.000000,0.000000,-0.081943,0,0.000000,0.1698,0.0000,0.4400
874,100,-4.3000,0,-1,0,-1,2.360682,-0.090846,-0.332591,0.000000,0.000000,-0.083311,0,0.000000,0.1689,0.0000,0.4300
875,100,-6.0000,0,-1,0,-1,1.971497,-0.056875,-0.268897,0.000000,0.000000,-0.056806,0,0.000000,0.1679,0.0000,0.4200
876,40,-34.0000,1,-1,0,-1,1.759439,-0.031369,-0.276660,0.000000,0.000000,-0.062447,0,0.000000,0.1670,0.0000,0.4200
877,100,-62.4000,0,-1,0,-1,1.766110,-0.056693,-0.227819,0.000000,0.000000,-0.055601,0,0.000000,0.1660,0.0000,0.4100
878,100,-63.4000,0,-1,0,-1,1.797007,-0.067084,-0.140729,0.000000,0.000000,-0.063704,0,0.000000,0.1651,0.0000,0.4000
879,100,-61.8000,0,-1,0,-1,2.097630,-0.061859,-0.282896,0.000000,0.000000,-0.059793,0,0.000000,0.1641,0.0000,0.3900
880,100,-32.0000,0,-1,0,-1,1.138784,-0.032184,-0.162680,0.000000,0.000000,-0.031993,0,0.000000,0.1632,0.0000,0.3900
881,100,-66.4000,0,-1,0,-1,1.587391,-0.054582,-0.227805,0.000000,0.000000,-0.056983,0,0.000000,0.1622,0.0000,0.3800
882,100,-7.5000,0,-1,0,-1,2.218046,-0.088897,-0.188123,0.000000,0.000000,-0.079038,0,0.000000,0.1613,0.0000,0.3700
883,100,-97.0000,0,-1,0,-1,1.538669,-0.056597,-0.260895,0.000000,0.000000,-0.068387,0,0.000000,0.1603,0.0000,0.3700
884,100,-126.9000,0,-1,0,-1,2.205879,-0.096532,-0.207093,0.000000,0.000000,-0.087243,0,0.000000,0.1594,0.0000,0.3600
885,100,-35.0000,0,-1,0,-1,1.693559,-0.022156,-0.289011,0.000000,0.000000,-0.026698,0,0.000000,0.1584,0.0000,0.3500
886,49,-4.4600,1,-1,0,-1,1.127838,0.005791,-0.117416,0.000000,0.000000,-0.005699,0,0.000000,0.1575,0.0000,0.3600
887,100,-38.3000,0,-1,0,-1,0.836516,-0.001373,-0.218290,0.000000,0.000000,-0.002895,0,0.000000,0.1565,0.0000,0.3600
888,100,-32.7000,0,-1,0,-1,1.484989,-0.043349,-0.172204,0.000000,0.000000,-0.041546,0,0.000000,0.1556,0.0000,0.3500
889,100,-65.7000,0,-1,0,-1,1.854230,-0.072319,-0.171754,0.000000,0.000000,-0.063354,0,0.000000,0.1546,0.0000,0.3500
890,100,-36.2000,0,-1,0,-1,1.274590,-0.030220,-0.188044,0.000000,0.000000,-0.039860,0,0.000000,0.1537,0.0000,0.3400
891,36,-3.6400,1,-1,0,-1,1.126625,-0.043479,-0.148406,0.000000,0.000000,-0.039023,0,0.000000,0.1527,0.0000,0.3500
892,100,-3.4000,0,-1,0,-1,1.504119,-0.051578,-0.161558,0.000000,0.000000,-0.051458,0,0.000000,0.1518,0.0000,0.3500
893,100,-6.2000,0,-1,0,-1,1.601970,-0.061262,-0.174603,0.000000,0.000000,-0.062240,0,0.000000,0.1508,0.0000,0.3400
894,100,-1.5000,0,-1,0,-1,2.047015,-0.079323,-0.203498,0.000000,0.000000,-0.080910,0,0.000000,0.1498,0.0000,0.3400
895,37,-92.1800,1,-1,0,-1,1.778880,-0.046828,-0.180254,0.000000,0.000000,-0.045620,0,0.000000,0.1489,0.0000,0.3400
896,100,-7.6000,0,-1,0,-1,1.771359,-0.065853,-0.209930,0.000000,0.000000,-0.063965,0,0.000000,0.1479,0.0000,0.3400
897,100,-34.6000,0,-1,0,-1,1.269705,-0.042934,-0.185544,0.000000,0.000000,-0.038321,0,0.000000,0.1470,0.0000,0.3300
898,33,-31.4200,1,-1,0,-1,1.500589,-0.044640,-0.166422,0.000000,0.000000,-0.049060,0,0.000000,0.1460,0.0000,0.3300
899,100,-1.9000,0,-1,0,-1,1.402854,-0.041951,-0.206708,0.000000,0.000000,-0.045223,0,0.000000,0.1451,0.0000,0.3300
900,100,-2.1000,0,-1,0,-1,2.027843,-0.072274,-0.272318,0.000000,0.000000,-0.069039,0,0.000000,0.1441,0.0000,0.3200
901,100,-34.8000,0,-1,0,-1,2.019647,-0.066210,-0.257906,0.000000,0.000000,-0.064748,0,0.000000,0.1432,0.0000,0.3100
902,100,-7.3000,0,-1,0,-1,1.694000,-0.059769,-0.202523,0.000000,0.000000,-0.065353,0,0.000000,0.1422,0.0000,0.3100
903,100,-1.8000,0,-1,0,-1,1.314518,-0.048676,-0.223696,0.000000,0.000000,-0.045362,0,0.000000,0.1413,0.0000,0.3100
904,100,-1.6000,0,-1,0,-1,1.448521,-0.000668,-0.284197,0.000000,0.000000,0.001857,0,0.000000,0.1403,0.0000,0.3100
905,100,-1.7000,0,-1,0,-1,1.683403,-0.021298,-0.444487,0.000000,0.000000,-0.023221,0,0.000000,0.1394,0.0000,0.3000
906,100,-1.8000,0,-1,0,-1,1.530332,-0.020850,-0.338292,0.000000,0.000000,-0.022775,0,0.000000,0.1384,0.0000,0.2900
907,100,-2.0000,0,-1,0,-1,1.487316,0.002107,-0.345328,0.000000,0.000000,0.003014,0,0.000000,0.1375,0.0000,0.2800
908,100,-1.4000,0,-1,0,-1,1.171739,0.006528,-0.289868,0.000000,0.000000,0.001089,0,0.000000,0.1365,0.0000,0.2800
909,100,-5.2000,0,-1,0,-1,1.485162,-0.009319,-0.321548,0.000000,0.000000,-0.003940,0,0.000000,0.1356,0.0000,0.2700
910,100,-2.4000,0,-1,0,-1,1.475418,-0.000731,-0.333155,0.000000,0.000000,-0.006696,0,0.000000,0.1346,0.0000,0.2700
911,100,-2.7000,0,-1,0,-1,1.081054,-0.021312,-0.280561,0.000000,0.000000,-0.017113,0,0.000000,0.1337,0.0000,0.2600
912,100,-4.9000,0,-1,0,-1,1.339682,0.004760,-0.265351,0.000000,0.000000,0.004515,0,0.000000,0.1327,0.0000,0.2600
913,100,-2.0000,0,-1,0,-1,1.729654,-0.060537,-0.202661,0.000000,0.000000,-0.056735,0,0.000000,0.1318,0.0000,0.2600
914,100,-1.1000,0,-1,0,-1,1.593609,-0.049306,-0.300236,0.000000,0.000000,-0.045494,0,0.000000,0.1308,0.0000,0.2500
915,100,-2.9000,0,-1,0,-1,0.978356,-0.023908,-0.261255,0.000000,0.000000,-0.032110,0,0.000000,0.1299,0.0000,0.2500
916,74,-35.3600,1,-1,0,-1,1.829957,-0.067293,-0.278046,0.000000,0.000000,-0.062655,0,0.000000,0.1289,0.0000,0.2600
917,100,-2.1000,0,-1,0,-1,1.974255,-0.059668,-0.275572,0.000000,0.000000,-0.063233,0,0.000000,0.1280,0.0000,0.2600
918,100,-2.2000,0,-1,0,-1,1.770004,-0.057604,-0.219075,0.000000,0.000000,-0.048505,0,0.000000,0.1270,0.0000,0.2600
919,100,-1.5000,0,-1,0,-1,2.088527,-0.073091,-0.346279,0.000000,0.000000,-0.079926,0,0.000000,0.1261,0.0000,0.2600
920,100,-36.3000,0,-1,0,-1,1.772786,-0.055373,-0.308755,0.000000,0.000000,-0.059267,0,0.000000,0.1251,0.0000,0.2600
921,100,-64.8000,0,-1,0,-1,1.439332,-0.025148,-0.346837,0.000000,0.000000,-0.025144,0,0.000000,0.1242,0.0000,0.2600
922,100,-95.6000,0,-1,0,-1,1.772269,-0.064125,-0.306813,0.000000,0.000000,-0.059777,0,0.000000,0.1232,0.0000,0.2600
923,100,-1.7000,0,-1,0,-1,2.150007,-0.075599,-0.306980,0.000000,0.000000,-0.072926,0,0.000000,0.1223,0.0000,0.2500
924,100,-1.6000,0,-1,0,-1,1.321527,-0.028772,-0.270577,0.000000,0.000000,-0.030895,0,0.000000,0.1213,0.0000,0.2400
925,100,-1.2000,0,-1,0,-1,1.706695,-0.061997,-0.262928,0.000000,0.000000,-0.058223,0,0.000000,0.1204,0.0000,0.2300
926,100,-2.0000,0,-1,0,-1,1.712513,-0.046478,-0.254930,0.000000,0.000000,-0.055100,0,0.000000,0.1194,0.0000,0.2300
927,100,-1.6000,0,-1,0,-1,1.853539,-0.062010,-0.304883,0.000000,0.000000,-0.059290,0,0.000000,0.1185,0.0000,0.2300
928,100,-1.5000,0,-1,0,-1,1.652508,-0.051173,-0.254038,0.000000,0.000000,-0.044770,0,0.000000,0.1175,0.0000,0.2300
929,100,-1.5000,0,-1,0,-1,1.417942,-0.011161,-0.227282,0.000000,0.000000,-0.012915,0,0.000000,0.1166,0.0000,0.2300
930,100,-1.9000,0,-1,0,-1,1.426670,-0.044758,-0.274857,0.000000,0.000000,-0.051208,0,0.000000,0.1156,0.0000,0.2200
931,40,-4.2000,1,-1,0,-1,0.866674,-0.028289,-0.131517,0.000000,0.000000,-0.019423,0,0.000000,0.1147,0.0000,0.2200
932,100,-1.7000,0,-1,0,-1,1.717423,-0.055815,-0.241569,0.000000,0.000000,-0.061483,0,0.000000,0.1137,0.0000,0.2100
933,100,-1.6000,0,-1,0,-1,1.779497,-0.066631,-0.311240,0.000000,0.000000,-0.059676,0,0.000000,0.1128,0.0000,0.2000
934,100,-1.6000,0,-1,0,-1,1.276328,-0.037295,-0.254401,0.000000,0.000000,-0.041525,0,0.000000,0.1118,0.0000,0.1900
935,100,-3.1000,0,-1,0,-1,1.479387,-0.048953,-0.314544,0.000000,0.000000,-0.049098,0,0.000000,0.1109,0.0000,0.1900
936,100,-1.4000,0,-1,0,-1,1.654413,-0.063595,-0.236661,0.000000,0.000000,-0.063749,0,0.000000,0.1099,0.0000,0.1800
937,26,-3.0400,1,-1,0,-1,2.079990,-0.079443,-0.266317,0.000000,0.000000,-0.065611,0,0.000000,0.1090,0.0000,0.1800
938,100,-1.2000,0,-1,0,-1,0.758162,-0.021157,-0.168139,0.000000,0.000000,-0.021075,0,0.000000,0.1080,0.0000,0.1700
939,66,-4.8400,1,-1,0,-1,1.851565,-0.069674,-0.228582,0.000000,0.000000,-0.076031,0,0.000000,0.1071,0.0000,0.1800
940,81,-5.7400,1,-1,0,-1,1.619957,-0.063288,-0.157030,0.000000,0.000000,-0.061379,0,0.000000,0.1061,0.0000,0.1800
941,100,-1.3000,0,-1,0,-1,1.947973,-0.064573,-0.268021,0.000000,0.000000,-0.062479,0,0.000000,0.1052,0.0000,0.1800
942,100,-36.1000,0,-1,0,-1,1.331063,-0.047986,-0.222399,0.000000,0.000000,-0.049462,0,0.000000,0.1042,0.0000,0.1800
943,100,-1.9000,0,-1,0,-1,1.744138,-0.061977,-0.311568,0.000000,0.000000,-0.062976,0,0.000000,0.1033,0.0000,0.1700
944,100,-1.3000,0,-1,0,-1,1.746799,-0.063527,-0.272545,0.000000,0.000000,-0.063982,0,0.000000,0.1023,0.0000,0.1600
945,100,-1.3000,0,-1,0,-1,1.661435,-0.046962,-0.222500,0.000000,0.000000,-0.045602,0,0.000000,0.1014,0.0000,0.1600
946,62,-4.6800,1,-1,0,-1,2.112398,-0.055207,-0.289140,0.000000,0.000000,-0.057797,0,0.000000,0.1004,0.0000,0.1700
947,100,-2.1000,0,-1,0,-1,1.368834,-0.043731,-0.339235,0.000000,0.000000,-0.041738,0,0.000000,0.0994,0.0000,0.1600
948,100,-1.9000,0,-1,0,-1,1.443530,-0.037205,-0.269751,0.000000,0.000000,-0.039773,0,0.000000,0.0985,0.0000,0.1500
949,75,-5.3000,1,-1,0,-1,1.027449,-0.029075,-0.209146,0.000000,0.000000,-0.028233,0,0.000000,0.0975,0.0000,0.1500
950,100,-1.7000,0,-1,0,-1,1.094655,-0.035226,-0.287328,0.000000,0.000000,-0.035865,0,0.000000,0.0966,0.0000,0.1500
951,100,-1.7000,0,-1,0,-1,2.027900,-0.067229,-0.336065,0.000000,0.000000,-0.063983,0,0.000000,0.0956,0.0000,0.1500
952,100,-7.4000,1,-1,0,-1,1.341283,-0.037625,-0.279215,0.000000,0.000000,-0.036454,0,0.000000,0.0947,0.0000,0.1500
953,100,-1.8000,0,-1,0,-1,1.351432,-0.034983,-0.280862,0.000000,0.000000,-0.037858,0,0.000000,0.0937,0.0000,0.1500
954,100,-1.1000,0,-1,0,-1,1.566616,-0.065961,-0.301497,0.000000,0.000000,-0.066800,0,0.000000,0.0928,0.0000,0.1500
955,46,-4.0400,1,-1,0,-1,1.654616,-0.011353,-0.351019,0.000000,0.000000,0.000383,0,0.000000,0.0918,0.0000,0.1600
956,86,-6.4400,1,-1,0,-1,1.429618,-0.054475,-0.269941,0.000000,0.000000,-0.046511,0,0.000000,0.0909,0.0000,0.1700
957,100,-2.2000,0,-1,0,-1,0.917592,-0.005342,-0.279763,0.000000,0.000000,-0.013653,0,0.000000,0.0899,0.0000,0.1700
958,100,-1.1000,0,-1,0,-1,1.013910,-0.031519,-0.146899,0.000000,0.000000,-0.033535,0,0.000000,0.0890,0.0000,0.1700
959,100,-1.3000,0,-1,0,-1,1.705776,-0.045821,-0.387730,0.000000,0.000000,-0.046838,0,0.000000,0.0880,0.0000,0.1700
960,100,-1.3000,0,-1,0,-1,1.882090,-0.074960,-0.263943,0.000000,0.000000,-0.072973,0,0.000000,0.0871,0.0000,0.1700
961,100,-1.4000,0,-1,0,-1,1.248124,-0.036687,-0.238732,0.000000,0.000000,-0.032841,0,0.000000,0.0861,0.0000,0.1600
962,100,-1.4000,0,-1,0,-1,1.196781,-0.031285,-0.245252,0.000000,0.000000,-0.038563,0,0.000000,0.0852,0.0000,0.1600
963,42,-4.0800,1,-1,0,-1,1.900269,-0.074536,-0.354810,0.000000,0.000000,-0.058885,0,0.000000,0.0842,0.0000,0.1700
964,100,-1.6000,0,-1,0,-1,1.253523,-0.040348,-0.285114,0.000000,0.000000,-0.042641,0,0.000000,0.0833,0.0000,0.1700
965,100,-1.8000,0,-1,0,-1,1.227725,-0.036212,-0.298361,0.000000,0.000000,-0.034028,0,0.000000,0.0823,0.0000,0.1700
966,90,-6.4000,1,-1,0,-1,1.168728,-0.036471,-0.298136,0.000000,0.000000,-0.035864,0,0.000000,0.0814,0.0000,0.1800
967,100,-1.2000,0,-1,0,-1,1.371055,-0.049545,-0.263031,0.000000,0.000000,-0.056653,0,0.000000,0.0804,0.0000,0.1800
968,100,-1.6000,0,-1,0,-1,1.384910,-0.050761,-0.274807,0.000000,0.000000,-0.047875,0,0.000000,0.0795,0.0000,0.1800
969,100,-1.3000,0,-1,0,-1,1.086352,-0.036389,-0.355185,0.000000,0.000000,-0.036111,0,0.000000,0.0785,0.0000,0.1800
970,100,-1.3000,0,-1,0,-1,1.461130,-0.059807,-0.318832,0.000000,0.000000,-0.057246,0,0.000000,0.0776,0.0000,0.1800
971,100,-1.7000,0,-1,0,-1,1.341978,-0.041076,-0.340360,0.000000,0.000000,-0.043613,0,0.000000,0.0766,0.0000,0.1700
972,100,-1.3000,0,-1,0,-1,1.601462,-0.053648,-0.372862,0.000000,0.000000,-0.055318,0,0.000000,0.0757,0.0000,0.1700
973,100,-1.9000,0,-1,0,-1,1.202562,-0.032752,-0.387872,0.000000,0.000000,-0.032096,0,0.000000,0.0747,0.0000,0.1700
974,100,-1.4000,0,-1,0,-1,1.579591,-0.054105,-0.404847,0.000000,0.000000,-0.054680,0,0.000000,0.0738,0.0000,0.1700
975,100,-1.3000,0,-1,0,-1,0.895622,-0.025240,-0.297344,0.000000,0.000000,-0.024942,0,0.000000,0.0728,0.0000,0.1700
976,100,-1.7000,0,-1,0,-1,1.796348,-0.077612,-0.491492,0.000000,0.000000,-0.069965,0,0.000000,0.0719,0.0000,0.1600
977,100,-1.2000,0,-1,0,-1,1.314742,-0.006205,-0.401235,0.000000,0.000000,-0.011542,0,0.000000,0.0709,0.0000,0.1600
978,100,-1.6000,0,-1,0,-1,0.774176,-0.015709,-0.331575,0.000000,0.000000,-0.018362,0,0.000000,0.0700,0.0000,0.1600
979,100,-1.4000,0,-1,0,-1,0.863610,-0.029156,-0.301270,0.000000,0.000000,-0.029587,0,0.000000,0.0690,0.0000,0.1600
980,100,-1.3000,0,-1,0,-1,0.691245,-0.011923,-0.304839,0.000000,0.000000,-0.008568,0,0.000000,0.0681,0.0000,0.1600
981,100,-1.6000,0,-1,0,-1,2.064024,-0.084215,-0.361103,0.000000,0.000000,-0.082597,0,0.000000,0.0671,0.0000,0.1600
982,100,-6.4000,0,-1,0,-1,1.101127,-0.029812,-0.332380,0.000000,0.000000,-0.034610,0,0.000000,0.0662,0.0000,0.1600
983,100,-6.5000,0,-1,0,-1,1.605037,-0.057976,-0.293203,0.000000,0.000000,-0.056025,0,0.000000,0.0652,0.0000,0.1600
984,100,-2.0000,0,-1,0,-1,1.322519,-0.047386,-0.363409,0.000000,0.000000,-0.045065,0,0.000000,0.0643,0.0000,0.1600
985,100,-1.3000,0,-1,0,-1,0.875037,-0.019382,-0.352832,0.000000,0.000000,-0.021635,0,0.000000,0.0633,0.0000,0.1600
986,97,-6.1800,1,-1,0,-1,1.050200,-0.033440,-0.333931,0.000000,0.000000,-0.035368,0,0.000000,0.0624,0.0000,0.1600
987,100,-1.4000,0,-1,0,-1,1.008752,-0.034243,-0.300988,0.000000,0.000000,-0.032065,0,0.000000,0.0614,0.0000,0.1600
988,16,-2.6400,1,-1,0,-1,3.041941,-0.138217,-0.325509,0.000000,0.000000,-0.103790,0,0.000000,0.0605,0.0000,0.1700
989,100,-1.4000,0,-1,0,-1,1.611845,-0.061474,-0.403247,0.000000,0.000000,-0.065998,0,0.000000,0.0595,0.0000,0.1700
990,100,-1.2000,0,-1,0,-1,1.113346,-0.036754,-0.367017,0.000000,0.000000,-0.038106,0,0.000000,0.0586,0.0000,0.1700
991,100,-1.3000,0,-1,0,-1,1.281536,-0.031252,-0.408036,0.000000,0.000000,-0.033733,0,0.000000,0.0576,0.0000,0.1600
992,100,-1.1000,0,-1,0,-1,0.993577,-0.035968,-0.345517,0.000000,0.000000,-0.034846,0,0.000000,0.0567,0.0000,0.1600
993,100,-1.2000,0,-1,0,-1,1.066662,-0.040164,-0.373607,0.000000,0.000000,-0.038164,0,0.000000,0.0557,0.0000,0.1600
994,100,-1.2000,0,-1,0,-1,1.482330,-0.046034,-0.377157,0.000000,0.000000,-0.050897,0,0.000000,0.0548,0.0000,0.1600
995,100,-2.0000,0,-1,0,-1,1.020974,-0.025871,-0.399112,0.000000,0.000000,-0.021896,0,0.000000,0.0538,0.0000,0.1500
996,100,-1.4000,0,-1,0,-1,1.432681,-0.055878,-0.337231,0.000000,0.000000,-0.052866,0,0.000000,0.0529,0.0000,0.1500
997,100,-1.4000,0,-1,0,-1,1.397190,-0.048884,-0.373349,0.000000,0.000000,-0.050967,0,0.000000,0.0519,0.0000,0.1500
998,100,-1.1000,0,-1,0,-1,1.304814,-0.037522,-0.397150,0.000000,0.000000,-0.040568,0,0.000000,0.0510,0.0000,0.1400
999,100,-1.1000,0,-1,0,-1,1.037080,-0.041693,-0.391720,0.000000,0.000000,-0.037584,0,0.000000,0.0500,0.0000,0.1400
