episode,steps,total_reward,success,key_found_step,door_attempts_without_key,door_opened_step,mean_loss,mean_td_error,mean_q_value,mean_mood_value,mean_mood_action,mean_overall_mood,exploration_boosts,mean_mood_bias,epsilon,effective_epsilon,success_rate_100
0,23,-121.8200,1,-1,0,-1,0.000000,0.000000,0.000000,0.000000,0.000000,0.000000,0,0.000000,1.0000,0.0000,1.0000
1,25,-62.3000,1,-1,0,-1,100.719622,0.000000,-0.187927,0.000000,0.000000,0.000000,0,0.000000,0.9990,0.0000,1.0000
2,44,-64.1600,1,-1,0,-1,72.279380,0.000000,-2.379450,0.000000,0.000000,0.000000,0,0.000000,0.9981,0.0000,1.0000
3,25,-61.9000,1,-1,0,-1,65.387688,0.000000,-2.653956,0.000000,0.000000,0.000000,0,0.000000,0.9971,0.0000,1.0000
4,18,-31.5200,1,-1,0,-1,53.906938,0.000000,-2.731499,0.000000,0.000000,0.000000,0,0.000000,0.9962,0.0000,1.0000
5,72,-156.2800,1,-1,0,-1,57.171350,0.000000,-2.139015,0.000000,0.000000,0.000000,0,0.000000,0.9952,0.0000,1.0000
6,68,-35.9200,1,-1,0,-1,53.323275,0.000000,-2.125567,0.000000,0.000000,0.000000,0,0.000000,0.9943,0.0000,1.0000
7,100,-8.9000,0,-1,0,-1,41.659851,0.000000,-1.535655,0.000000,0.000000,0.000000,0,0.000000,0.9933,0.0000,0.8750
8,100,-6.5000,0,-1,0,-1,30.592202,0.000000,-0.997619,0.000000,0.000000,0.000000,0,0.000000,0.9924,0.0000,0.7778
9,57,-34.7800,1,-1,0,-1,23.700806,0.000000,-0.833952,0.000000,0.000000,0.000000,0,0.000000,0.9914,0.0000,0.8000
10,100,-38.8000,0,-1,0,-1,21.108739,0.000000,-0.654942,0.000000,0.000000,0.000000,0,0.000000,0.9905,0.0000,0.7273
11,100,-65.9000,0,-1,0,-1,25.927717,0.000000,-0.850379,0.000000,0.000000,0.000000,0,0.000000,0.9895,0.0000,0.6667
12,69,-38.0600,1,-1,0,-1,21.617096,0.000000,-0.861911,0.000000,0.000000,0.000000,0,0.000000,0.9886,0.0000,0.6923
13,40,-64.2000,1,-1,0,-1,11.855473,0.000000,-0.713822,0.000000,0.000000,0.000000,0,0.000000,0.9876,0.0000,0.7143
14,100,-5.5000,0,-1,0,-1,11.016855,0.000000,-0.921291,0.000000,0.000000,0.000000,0,0.000000,0.9867,0.0000,0.6667
15,22,-32.0800,1,-1,0,-1,8.315217,0.000000,-1.061554,0.000000,0.000000,0.000000,0,0.000000,0.9857,0.0000,0.6875
16,100,-5.4000,0,-1,0,-1,4.588059,0.000000,-0.583778,0.000000,0.000000,0.000000,0,0.000000,0.9848,0.0000,0.6471
17,40,-33.2000,1,-1,0,-1,4.115897,0.000000,-0.398737,0.000000,0.000000,0.000000,0,0.000000,0.9838,0.0000,0.6667
18,100,-70.8000,0,-1,0,-1,2.347289,0.000000,-0.517949,0.000000,0.000000,0.000000,0,0.000000,0.9829,0.0000,0.6316
19,24,-32.1600,1,-1,0,-1,4.116246,0.000000,-0.495176,0.000000,0.000000,0.000000,0,0.000000,0.9819,0.0000,0.6500
20,100,-7.1000,0,-1,0,-1,1.874505,0.000000,-0.387374,0.000000,0.000000,0.000000,0,0.000000,0.9810,0.0000,0.6190
21,100,-7.1000,0,-1,0,-1,1.801273,0.000000,-0.451407,0.000000,0.000000,0.000000,0,0.000000,0.9800,0.0000,0.5909
22,17,-31.5800,1,-1,0,-1,1.481818,0.000000,-0.550187,0.000000,0.000000,0.000000,0,0.000000,0.9791,0.0000,0.6087
23,100,-7.0000,0,-1,0,-1,1.180394,0.000000,-0.450609,0.000000,0.000000,0.000000,0,0.000000,0.9781,0.0000,0.5833
24,100,-6.6000,0,-1,0,-1,0.657004,0.000000,-0.369814,0.000000,0.000000,0.000000,0,0.000000,0.9772,0.0000,0.5600
25,70,-8.6000,1,-1,0,-1,1.178804,0.000000,-0.456102,0.000000,0.000000,0.000000,0,0.000000,0.9762,0.0000,0.5769
26,78,-9.5200,1,-1,0,-1,1.078675,0.000000,-0.429380,0.000000,0.000000,0.000000,0,0.000000,0.9753,0.0000,0.5926
27,100,-8.9000,0,-1,0,-1,1.226931,0.000000,-0.332332,0.000000,0.000000,0.000000,0,0.000000,0.9743,0.0000,0.5714
28,69,-36.0600,1,-1,0,-1,0.907417,0.000000,-0.282257,0.000000,0.000000,0.000000,0,0.000000,0.9734,0.0000,0.5862
29,100,-5.7000,0,-1,0,-1,0.823410,0.000000,-0.365189,0.000000,0.000000,0.000000,0,0.000000,0.9724,0.0000,0.5667
30,100,-6.6000,0,-1,0,-1,1.769230,0.000000,-0.250054,0.000000,0.000000,0.000000,0,0.000000,0.9715,0.0000,0.5484
31,100,-71.5000,0,-1,0,-1,0.997982,0.000000,-0.213555,0.000000,0.000000,0.000000,0,0.000000,0.9705,0.0000,0.5312
32,100,-9.9000,0,-1,0,-1,1.254995,0.000000,-0.198620,0.000000,0.000000,0.000000,0,0.000000,0.9696,0.0000,0.5152
33,100,-161.6000,0,-1,0,-1,0.989545,0.000000,-0.265420,0.000000,0.000000,0.000000,0,0.000000,0.9686,0.0000,0.5000
34,49,-64.4600,1,-1,0,-1,3.101092,0.000000,-0.389939,0.000000,0.000000,0.000000,0,0.000000,0.9677,0.0000,0.5143
35,91,-159.5400,1,-1,0,-1,1.230435,0.000000,-0.171989,0.000000,0.000000,0.000000,0,0.000000,0.9667,0.0000,0.5278
36,100,-6.2000,0,-1,0,-1,2.514134,0.000000,-0.383368,0.000000,0.000000,0.000000,0,0.000000,0.9658,0.0000,0.5135
37,100,-6.9000,0,-1,0,-1,2.856884,0.000000,-0.368902,0.000000,0.000000,0.000000,0,0.000000,0.9648,0.0000,0.5000
38,100,-7.6000,0,-1,0,-1,2.129907,0.000000,-0.374144,0.000000,0.000000,0.000000,0,0.000000,0.9639,0.0000,0.4872
39,100,-36.2000,0,-1,0,-1,1.067203,0.000000,-0.240284,0.000000,0.000000,0.000000,0,0.000000,0.9629,0.0000,0.4750
40,100,-7.0000,0,-1,0,-1,1.362704,0.000000,-0.163027,0.000000,0.000000,0.000000,0,0.000000,0.9620,0.0000,0.4634
41,51,-34.5400,1,-1,0,-1,0.821129,0.000000,-0.268474,0.000000,0.000000,0.000000,0,0.000000,0.9610,0.0000,0.4762
42,100,-6.1000,0,-1,0,-1,1.573242,0.000000,-0.189519,0.000000,0.000000,0.000000,0,0.000000,0.9601,0.0000,0.4651
43,80,-9.2000,1,-1,0,-1,1.058173,0.000000,-0.219849,0.000000,0.000000,0.000000,0,0.000000,0.9591,0.0000,0.4773
44,26,-32.0400,1,-1,0,-1,0.772746,0.000000,0.045533,0.000000,0.000000,0.000000,0,0.000000,0.9582,0.0000,0.4889
45,100,-39.7000,0,-1,0,-1,1.818857,0.000000,-0.205769,0.000000,0.000000,0.000000,0,0.000000,0.9572,0.0000,0.4783
46,100,-6.5000,0,-1,0,-1,1.014725,0.000000,-0.223158,0.000000,0.000000,0.000000,0,0.000000,0.9563,0.0000,0.4681
47,100,-6.3000,0,-1,0,-1,0.617220,0.000000,-0.078904,0.000000,0.000000,0.000000,0,0.000000,0.9553,0.0000,0.4583
48,100,-5.9000,0,-1,0,-1,1.756660,0.000000,-0.211562,0.000000,0.000000,0.000000,0,0.000000,0.9544,0.0000,0.4490
49,100,-6.4000,0,-1,0,-1,0.996473,0.000000,-0.162195,0.000000,0.000000,0.000000,0,0.000000,0.9534,0.0000,0.4400
50,100,-6.0000,0,-1,0,-1,1.940821,0.000000,-0.165425,0.000000,0.000000,0.000000,0,0.000000,0.9525,0.0000,0.4314
51,100,-40.9000,0,-1,0,-1,1.214001,0.000000,-0.084919,0.000000,0.000000,0.000000,0,0.000000,0.9515,0.0000,0.4231
52,100,-66.9000,0,-1,0,-1,1.159359,0.000000,0.029306,0.000000,0.000000,0.000000,0,0.000000,0.9506,0.0000,0.4151
53,100,-6.7000,0,-1,0,-1,1.036614,0.000000,-0.086073,0.000000,0.000000,0.000000,0,0.000000,0.9496,0.0000,0.4074
54,15,-61.1000,1,-1,0,-1,0.094566,0.000000,0.045072,0.000000,0.000000,0.000000,0,0.000000,0.9486,0.0000,0.4182
55,38,-33.3200,1,-1,0,-1,1.930211,0.000000,-0.053980,0.000000,0.000000,0.000000,0,0.000000,0.9477,0.0000,0.4286
56,100,-6.2000,0,-1,0,-1,0.812568,0.000000,-0.030486,0.000000,0.000000,0.000000,0,0.000000,0.9467,0.0000,0.4211
57,100,-6.4000,0,-1,0,-1,1.021562,0.000000,-0.069301,0.000000,0.000000,0.000000,0,0.000000,0.9458,0.0000,0.4138
58,55,-65.5000,1,-1,0,-1,1.127781,0.000000,-0.098498,0.000000,0.000000,0.000000,0,0.000000,0.9448,0.0000,0.4237
59,61,-186.1400,1,-1,0,-1,0.668632,0.000000,0.017726,0.000000,0.000000,0.000000,0,0.000000,0.9439,0.0000,0.4333
60,100,-69.7000,0,-1,0,-1,1.103862,0.000000,0.079799,0.000000,0.000000,0.000000,0,0.000000,0.9429,0.0000,0.4262
61,40,-213.6000,1,-1,0,-1,0.551494,0.000000,-0.165356,0.000000,0.000000,0.000000,0,0.000000,0.9420,0.0000,0.4355
62,100,-6.9000,0,-1,0,-1,0.784166,0.000000,-0.058182,0.000000,0.000000,0.000000,0,0.000000,0.9410,0.0000,0.4286
63,61,-35.3400,1,-1,0,-1,0.675961,0.000000,0.033284,0.000000,0.000000,0.000000,0,0.000000,0.9401,0.0000,0.4375
64,100,-6.8000,0,-1,0,-1,0.621785,0.000000,0.057971,0.000000,0.000000,0.000000,0,0.000000,0.9391,0.0000,0.4308
65,21,-61.9400,1,-1,0,-1,1.712768,0.000000,-0.148023,0.000000,0.000000,0.000000,0,0.000000,0.9382,0.0000,0.4394
66,100,-129.0000,0,-1,0,-1,1.388943,0.000000,0.015474,0.000000,0.000000,0.000000,0,0.000000,0.9372,0.0000,0.4328
67,100,-218.4000,0,-1,0,-1,0.787620,0.000000,-0.064894,0.000000,0.000000,0.000000,0,0.000000,0.9363,0.0000,0.4265
68,100,-6.6000,0,-1,0,-1,0.616349,0.000000,-0.206757,0.000000,0.000000,0.000000,0,0.000000,0.9353,0.0000,0.4203
69,100,-5.7000,0,-1,0,-1,1.305631,0.000000,-0.148128,0.000000,0.000000,0.000000,0,0.000000,0.9344,0.0000,0.4143
70,100,-6.3000,0,-1,0,-1,0.597878,0.000000,0.022984,0.000000,0.000000,0.000000,0,0.000000,0.9334,0.0000,0.4085
71,100,-6.9000,0,-1,0,-1,0.588483,0.000000,-0.091362,0.000000,0.000000,0.000000,0,0.000000,0.9325,0.0000,0.4028
72,100,-130.3000,0,-1,0,-1,0.951629,0.000000,-0.018979,0.000000,0.000000,0.000000,0,0.000000,0.9315,0.0000,0.3973
73,100,-39.0000,0,-1,0,-1,0.606697,0.000000,0.051448,0.000000,0.000000,0.000000,0,0.000000,0.9306,0.0000,0.3919
74,45,-33.7000,1,-1,0,-1,0.433024,0.000000,0.100652,0.000000,0.000000,0.000000,0,0.000000,0.9296,0.0000,0.4000
75,100,-8.0000,0,-1,0,-1,1.146600,0.000000,-0.068788,0.000000,0.000000,0.000000,0,0.000000,0.9287,0.0000,0.3947
76,100,-6.2000,0,-1,0,-1,1.218722,0.000000,0.136744,0.000000,0.000000,0.000000,0,0.000000,0.9277,0.0000,0.3896
77,100,-36.0000,0,-1,0,-1,0.999661,0.000000,0.259534,0.000000,0.000000,0.000000,0,0.000000,0.9268,0.0000,0.3846
78,100,-11.4000,0,-1,0,-1,2.092395,0.000000,0.202738,0.000000,0.000000,0.000000,0,0.000000,0.9258,0.0000,0.3797
79,87,-99.5800,1,-1,0,-1,0.912079,0.000000,0.191625,0.000000,0.000000,0.000000,0,0.000000,0.9249,0.0000,0.3875
80,100,-130.9000,0,-1,0,-1,1.419665,0.000000,0.127783,0.000000,0.000000,0.000000,0,0.000000,0.9239,0.0000,0.3827
81,100,-6.5000,0,-1,0,-1,0.904625,0.000000,0.285449,0.000000,0.000000,0.000000,0,0.000000,0.9230,0.0000,0.3780
82,100,-6.2000,0,-1,0,-1,1.737515,0.000000,0.083408,0.000000,0.000000,0.000000,0,0.000000,0.9220,0.0000,0.3735
83,100,-5.8000,0,-1,0,-1,1.436168,0.000000,0.193395,0.000000,0.000000,0.000000,0,0.000000,0.9211,0.0000,0.3690
84,100,-5.7000,0,-1,0,-1,0.883933,0.000000,0.158553,0.000000,0.000000,0.000000,0,0.000000,0.9201,0.0000,0.3647
85,100,-6.5000,0,-1,0,-1,0.709940,0.000000,0.366011,0.000000,0.000000,0.000000,0,0.000000,0.9192,0.0000,0.3605
86,100,-5.8000,0,-1,0,-1,1.544649,0.000000,0.427061,0.000000,0.000000,0.000000,0,0.000000,0.9182,0.0000,0.3563
87,100,-6.9000,0,-1,0,-1,0.749145,0.000000,0.408964,0.000000,0.000000,0.000000,0,0.000000,0.9173,0.0000,0.3523
88,100,-6.4000,0,-1,0,-1,0.388766,0.000000,0.528359,0.000000,0.000000,0.000000,0,0.000000,0.9163,0.0000,0.3483
89,100,-6.8000,0,-1,0,-1,1.073072,0.000000,0.209982,0.000000,0.000000,0.000000,0,0.000000,0.9154,0.0000,0.3444
90,43,-33.8200,1,-1,0,-1,0.401838,0.000000,0.553803,0.000000,0.000000,0.000000,0,0.000000,0.9144,0.0000,0.3516
91,100,-6.5000,0,-1,0,-1,1.047328,0.000000,0.550059,0.000000,0.000000,0.000000,0,0.000000,0.9135,0.0000,0.3478
92,100,-5.5000,0,-1,0,-1,0.529990,0.000000,0.520756,0.000000,0.000000,0.000000,0,0.000000,0.9125,0.0000,0.3441
93,100,-6.3000,0,-1,0,-1,0.857598,0.000000,0.461580,0.000000,0.000000,0.000000,0,0.000000,0.9116,0.0000,0.3404
94,100,-128.9000,0,-1,0,-1,0.197039,0.000000,0.453837,0.000000,0.000000,0.000000,0,0.000000,0.9106,0.0000,0.3368
95,100,-5.7000,0,-1,0,-1,0.554403,0.000000,0.456129,0.000000,0.000000,0.000000,0,0.000000,0.9097,0.0000,0.3333
96,55,-34.9000,1,-1,0,-1,0.951009,0.000000,0.347889,0.000000,0.000000,0.000000,0,0.000000,0.9087,0.0000,0.3402
97,23,-121.8200,1,-1,0,-1,0.806081,0.000000,0.490546,0.000000,0.000000,0.000000,0,0.000000,0.9078,0.0000,0.3469
98,100,-41.2000,0,-1,0,-1,1.488706,0.000000,0.685017,0.000000,0.000000,0.000000,0,0.000000,0.9068,0.0000,0.3434
99,100,-7.0000,0,-1,0,-1,0.903962,0.000000,0.742945,0.000000,0.000000,0.000000,0,0.000000,0.9059,0.0000,0.3400
100,100,-5.2000,0,-1,0,-1,1.743933,0.000000,0.684015,0.000000,0.000000,0.000000,0,0.000000,0.9049,0.0000,0.3300
101,100,-5.3000,0,-1,0,-1,0.674187,0.000000,0.780241,0.000000,0.000000,0.000000,0,0.000000,0.9040,0.0000,0.3200
102,31,-4.5400,1,-1,0,-1,0.025259,0.000000,0.577284,0.000000,0.000000,0.000000,0,0.000000,0.9030,0.0000,0.3200
103,100,-5.8000,0,-1,0,-1,1.393850,0.000000,0.802177,0.000000,0.000000,0.000000,0,0.000000,0.9021,0.0000,0.3100
104,100,-6.1000,0,-1,0,-1,0.489206,0.000000,0.943314,0.000000,0.000000,0.000000,0,0.000000,0.9011,0.0000,0.3000
105,100,-71.5000,0,-1,0,-1,1.269151,0.000000,0.697826,0.000000,0.000000,0.000000,0,0.000000,0.9002,0.0000,0.2900
106,100,-7.2000,0,-1,0,-1,1.166934,0.000000,0.853462,0.000000,0.000000,0.000000,0,0.000000,0.8992,0.0000,0.2800
107,100,-6.5000,0,-1,0,-1,1.687977,0.000000,0.764543,0.000000,0.000000,0.000000,0,0.000000,0.8982,0.0000,0.2800
108,100,-6.7000,0,-1,0,-1,0.337971,0.000000,0.838638,0.000000,0.000000,0.000000,0,0.000000,0.8973,0.0000,0.2800
109,100,-68.1000,0,-1,0,-1,0.564310,0.000000,1.152594,0.000000,0.000000,0.000000,0,0.000000,0.8963,0.0000,0.2700
110,100,-6.1000,0,-1,0,-1,1.466315,0.000000,1.102928,0.000000,0.000000,0.000000,0,0.000000,0.8954,0.0000,0.2700
111,100,-4.2000,0,-1,0,-1,0.610200,0.000000,1.099202,0.000000,0.000000,0.000000,0,0.000000,0.8944,0.0000,0.2700
112,100,-5.8000,0,-1,0,-1,0.708410,0.000000,1.145104,0.000000,0.000000,0.000000,0,0.000000,0.8935,0.0000,0.2600
113,100,-6.0000,0,-1,0,-1,0.484944,0.000000,1.139348,0.000000,0.000000,0.000000,0,0.000000,0.8925,0.0000,0.2500
114,100,-7.1000,0,-1,0,-1,0.987649,0.000000,1.054740,0.000000,0.000000,0.000000,0,0.000000,0.8916,0.0000,0.2500
115,100,-130.3000,0,-1,0,-1,0.742120,0.000000,1.132305,0.000000,0.000000,0.000000,0,0.000000,0.8906,0.0000,0.2400
116,51,-6.5400,1,-1,0,-1,0.950831,0.000000,1.055124,0.000000,0.000000,0.000000,0,0.000000,0.8897,0.0000,0.2500
117,100,-6.3000,0,-1,0,-1,1.449020,0.000000,1.154096,0.000000,0.000000,0.000000,0,0.000000,0.8887,0.0000,0.2400
118,100,-130.7000,0,-1,0,-1,0.952373,0.000000,1.077670,0.000000,0.000000,0.000000,0,0.000000,0.8878,0.0000,0.2400
119,100,-5.2000,0,-1,0,-1,1.268456,0.000000,1.205215,0.000000,0.000000,0.000000,0,0.000000,0.8868,0.0000,0.2300
120,100,-6.0000,0,-1,0,-1,0.513337,0.000000,1.542832,0.000000,0.000000,0.000000,0,0.000000,0.8859,0.0000,0.2300
121,100,-6.2000,0,-1,0,-1,0.321336,0.000000,1.425212,0.000000,0.000000,0.000000,0,0.000000,0.8849,0.0000,0.2300
122,100,-6.0000,0,-1,0,-1,0.731444,0.000000,1.490667,0.000000,0.000000,0.000000,0,0.000000,0.8840,0.0000,0.2200
123,100,-36.2000,0,-1,0,-1,0.633993,0.000000,1.303015,0.000000,0.000000,0.000000,0,0.000000,0.8830,0.0000,0.2200
124,100,-5.8000,0,-1,0,-1,0.241769,0.000000,1.487595,0.000000,0.000000,0.000000,0,0.000000,0.8821,0.0000,0.2200
125,100,-4.8000,0,-1,0,-1,0.943908,0.000000,1.401259,0.000000,0.000000,0.000000,0,0.000000,0.8811,0.0000,0.2100
126,100,-7.2000,0,-1,0,-1,0.534105,0.000000,1.406109,0.000000,0.000000,0.000000,0,0.000000,0.8802,0.0000,0.2000
127,80,-9.2000,1,-1,0,-1,0.768329,0.000000,1.335001,0.000000,0.000000,0.000000,0,0.000000,0.8792,0.0000,0.2100
128,77,-98.9800,1,-1,0,-1,0.906118,0.000000,1.334010,0.000000,0.000000,0.000000,0,0.000000,0.8783,0.0000,0.2100
129,100,-5.6000,0,-1,0,-1,1.393597,0.000000,1.294744,0.000000,0.000000,0.000000,0,0.000000,0.8773,0.0000,0.2100
130,100,-6.4000,0,-1,0,-1,0.784903,0.000000,1.449639,0.000000,0.000000,0.000000,0,0.000000,0.8764,0.0000,0.2100
131,100,-5.8000,0,-1,0,-1,0.302015,0.000000,1.622325,0.000000,0.000000,0.000000,0,0.000000,0.8754,0.0000,0.2100
132,100,-11.3000,0,-1,0,-1,0.726015,0.000000,1.579318,0.000000,0.000000,0.000000,0,0.000000,0.8745,0.0000,0.2100
133,100,-6.7000,0,-1,0,-1,0.934257,0.000000,1.447436,0.000000,0.000000,0.000000,0,0.000000,0.8735,0.0000,0.2100
134,100,-129.4000,0,-1,0,-1,0.650170,0.000000,1.615243,0.000000,0.000000,0.000000,0,0.000000,0.8726,0.0000,0.2000
135,100,-11.1000,0,-1,0,-1,0.516331,0.000000,1.708620,0.000000,0.000000,0.000000,0,0.000000,0.8716,0.0000,0.1900
136,100,-66.2000,0,-1,0,-1,0.199763,0.000000,1.652173,0.000000,0.000000,0.000000,0,0.000000,0.8707,0.0000,0.1900
137,100,-6.9000,0,-1,0,-1,0.648976,0.000000,1.539364,0.000000,0.000000,0.000000,0,0.000000,0.8697,0.0000,0.1900
138,100,-6.0000,0,-1,0,-1,0.834085,0.000000,1.588028,0.000000,0.000000,0.000000,0,0.000000,0.8688,0.0000,0.1900
139,100,-10.3000,0,-1,0,-1,0.669171,0.000000,1.532691,0.000000,0.000000,0.000000,0,0.000000,0.8678,0.0000,0.1900
140,100,-10.4000,0,-1,0,-1,0.606565,0.000000,1.721731,0.000000,0.000000,0.000000,0,0.000000,0.8669,0.0000,0.1900
141,100,-5.4000,0,-1,0,-1,0.728585,0.000000,1.678022,0.000000,0.000000,0.000000,0,0.000000,0.8659,0.0000,0.1800
142,100,-8.5000,0,-1,0,-1,0.910828,0.000000,1.571331,0.000000,0.000000,0.000000,0,0.000000,0.8650,0.0000,0.1800
143,47,-154.3800,1,-1,0,-1,0.368791,0.000000,1.637691,0.000000,0.000000,0.000000,0,0.000000,0.8640,0.0000,0.1800
144,100,-10.9000,0,-1,0,-1,0.441965,0.000000,1.838034,0.000000,0.000000,0.000000,0,0.000000,0.8631,0.0000,0.1700
145,65,-7.7000,1,-1,0,-1,0.317741,0.000000,1.625717,0.000000,0.000000,0.000000,0,0.000000,0.8621,0.0000,0.1800
146,100,-160.9000,0,-1,0,-1,0.708784,0.000000,1.780319,0.000000,0.000000,0.000000,0,0.000000,0.8612,0.0000,0.1800
147,100,-5.9000,0,-1,0,-1,0.797807,0.000000,1.701741,0.000000,0.000000,0.000000,0,0.000000,0.8602,0.0000,0.1800
148,100,-5.8000,0,-1,0,-1,0.891468,0.000000,1.660589,0.000000,0.000000,0.000000,0,0.000000,0.8593,0.0000,0.1800
149,100,-6.4000,0,-1,0,-1,0.457162,0.000000,1.847046,0.000000,0.000000,0.000000,0,0.000000,0.8583,0.0000,0.1800
150,100,-5.4000,0,-1,0,-1,0.246212,0.000000,1.759980,0.000000,0.000000,0.000000,0,0.000000,0.8574,0.0000,0.1800
151,100,-5.6000,0,-1,0,-1,0.626211,0.000000,1.668741,0.000000,0.000000,0.000000,0,0.000000,0.8564,0.0000,0.1800
152,100,-70.7000,0,-1,0,-1,0.507594,0.000000,1.798103,0.000000,0.000000,0.000000,0,0.000000,0.8555,0.0000,0.1800
153,100,-10.4000,0,-1,0,-1,0.666398,0.000000,1.685468,0.000000,0.000000,0.000000,0,0.000000,0.8545,0.0000,0.1800
154,100,-100.4000,0,-1,0,-1,0.815144,0.000000,1.792814,0.000000,0.000000,0.000000,0,0.000000,0.8536,0.0000,0.1700
155,68,-37.9200,1,-1,0,-1,0.733813,0.000000,1.730645,0.000000,0.000000,0.000000,0,0.000000,0.8526,0.0000,0.1700
156,100,-6.4000,0,-1,0,-1,0.495309,0.000000,1.703528,0.000000,0.000000,0.000000,0,0.000000,0.8517,0.0000,0.1700
157,100,-70.6000,0,-1,0,-1,1.005427,0.000000,1.849998,0.000000,0.000000,0.000000,0,0.000000,0.8507,0.0000,0.1700
158,100,-41.2000,0,-1,0,-1,1.005616,0.000000,1.860651,0.000000,0.000000,0.000000,0,0.000000,0.8497,0.0000,0.1600
159,100,-5.7000,0,-1,0,-1,0.977308,0.000000,1.669019,0.000000,0.000000,0.000000,0,0.000000,0.8488,0.0000,0.1500
160,100,-11.8000,0,-1,0,-1,0.893924,0.000000,1.669804,0.000000,0.000000,0.000000,0,0.000000,0.8478,0.0000,0.1500
161,97,-100.1800,1,-1,0,-1,0.645343,0.000000,1.816797,0.000000,0.000000,0.000000,0,0.000000,0.8469,0.0000,0.1500
162,100,-5.3000,0,-1,0,-1,1.557861,0.000000,1.631836,0.000000,0.000000,0.000000,0,0.000000,0.8459,0.0000,0.1500
163,41,-213.5400,1,-1,0,-1,0.088614,0.000000,1.914436,0.000000,0.000000,0.000000,0,0.000000,0.8450,0.0000,0.1500
164,100,-5.7000,0,-1,0,-1,0.981693,0.000000,1.762176,0.000000,0.000000,0.000000,0,0.000000,0.8440,0.0000,0.1500
165,100,-5.9000,0,-1,0,-1,0.848562,0.000000,1.809531,0.000000,0.000000,0.000000,0,0.000000,0.8431,0.0000,0.1400
166,100,-9.2000,0,-1,0,-1,0.433580,0.000000,1.753440,0.000000,0.000000,0.000000,0,0.000000,0.8421,0.0000,0.1400
167,100,-5.0000,0,-1,0,-1,1.193368,0.000000,1.801240,0.000000,0.000000,0.000000,0,0.000000,0.8412,0.0000,0.1400
168,100,-40.2000,0,-1,0,-1,0.980508,0.000000,1.731222,0.000000,0.000000,0.000000,0,0.000000,0.8402,0.0000,0.1400
169,100,-130.5000,0,-1,0,-1,0.792680,0.000000,1.780157,0.000000,0.000000,0.000000,0,0.000000,0.8393,0.0000,0.1400
170,100,-8.3000,0,-1,0,-1,0.887402,0.000000,1.833899,0.000000,0.000000,0.000000,0,0.000000,0.8383,0.0000,0.1400
171,92,-9.6800,1,-1,0,-1,0.820532,0.000000,1.817753,0.000000,0.000000,0.000000,0,0.000000,0.8374,0.0000,0.1500
172,100,-10.0000,0,-1,0,-1,0.699513,0.000000,1.805534,0.000000,0.000000,0.000000,0,0.000000,0.8364,0.0000,0.1500
173,100,-37.7000,0,-1,0,-1,0.870256,0.000000,1.919404,0.000000,0.000000,0.000000,0,0.000000,0.8355,0.0000,0.1500
174,92,-10.0800,1,-1,0,-1,0.550698,0.000000,1.742270,0.000000,0.000000,0.000000,0,0.000000,0.8345,0.0000,0.1500
175,100,-6.6000,0,-1,0,-1,1.201419,0.000000,1.768032,0.000000,0.000000,0.000000,0,0.000000,0.8336,0.0000,0.1500
176,89,-9.2600,1,-1,0,-1,1.101553,0.000000,1.762224,0.000000,0.000000,0.000000,0,0.000000,0.8326,0.0000,0.1600
177,100,-5.2000,0,-1,0,-1,0.800825,0.000000,1.859173,0.000000,0.000000,0.000000,0,0.000000,0.8317,0.0000,0.1600
178,100,-128.9000,0,-1,0,-1,1.432429,0.000000,1.873188,0.000000,0.000000,0.000000,0,0.000000,0.8307,0.0000,0.1600
179,100,-5.4000,0,-1,0,-1,1.096618,0.000000,1.811404,0.000000,0.000000,0.000000,0,0.000000,0.8298,0.0000,0.1500
180,81,-69.7400,1,-1,0,-1,1.401661,0.000000,1.849922,0.000000,0.000000,0.000000,0,0.000000,0.8288,0.0000,0.1600
181,100,-5.6000,0,-1,0,-1,1.155187,0.000000,1.843896,0.000000,0.000000,0.000000,0,0.000000,0.8279,0.0000,0.1600
182,100,-97.9000,0,-1,0,-1,1.197978,0.000000,1.818837,0.000000,0.000000,0.000000,0,0.000000,0.8269,0.0000,0.1600
183,56,-64.8400,1,-1,0,-1,0.923116,0.000000,1.684148,0.000000,0.000000,0.000000,0,0.000000,0.8260,0.0000,0.1700
184,100,-6.6000,0,-1,0,-1,0.795635,0.000000,1.852006,0.000000,0.000000,0.000000,0,0.000000,0.8250,0.0000,0.1700
185,48,-34.1200,1,-1,0,-1,1.099163,0.000000,1.672926,0.000000,0.000000,0.000000,0,0.000000,0.8241,0.0000,0.1800
186,100,-37.6000,0,-1,0,-1,0.764146,0.000000,1.709690,0.000000,0.000000,0.000000,0,0.000000,0.8231,0.0000,0.1800
187,100,-6.2000,0,-1,0,-1,1.036310,0.000000,1.716784,0.000000,0.000000,0.000000,0,0.000000,0.8222,0.0000,0.1800
188,16,-31.2400,1,-1,0,-1,1.768764,0.000000,1.566222,0.000000,0.000000,0.000000,0,0.000000,0.8212,0.0000,0.1900
189,100,-10.5000,0,-1,0,-1,0.900319,0.000000,1.707949,0.000000,0.000000,0.000000,0,0.000000,0.8203,0.0000,0.1900
190,57,-34.7800,1,-1,0,-1,0.308889,0.000000,1.716379,0.000000,0.000000,0.000000,0,0.000000,0.8193,0.0000,0.1900
191,20,-91.6000,1,-1,0,-1,1.480365,0.000000,1.586757,0.000000,0.000000,0.000000,0,0.000000,0.8184,0.0000,0.2000
192,100,-98.8000,0,-1,0,-1,1.013584,0.000000,1.709035,0.000000,0.000000,0.000000,0,0.000000,0.8174,0.0000,0.2000
193,87,-9.5800,1,-1,0,-1,1.080840,0.000000,1.833183,0.000000,0.000000,0.000000,0,0.000000,0.8165,0.0000,0.2100
194,100,-11.1000,0,-1,0,-1,0.606562,0.000000,1.717572,0.000000,0.000000,0.000000,0,0.000000,0.8155,0.0000,0.2100
195,100,-69.8000,0,-1,0,-1,0.535278,0.000000,1.782826,0.000000,0.000000,0.000000,0,0.000000,0.8146,0.0000,0.2100
196,100,-35.1000,0,-1,0,-1,0.955746,0.000000,1.860119,0.000000,0.000000,0.000000,0,0.000000,0.8136,0.0000,0.2000
197,22,-31.6800,1,-1,0,-1,1.251608,0.000000,1.578016,0.000000,0.000000,0.000000,0,0.000000,0.8127,0.0000,0.2000
198,100,-5.4000,0,-1,0,-1,1.063984,0.000000,1.665308,0.000000,0.000000,0.000000,0,0.000000,0.8117,0.0000,0.2000
199,100,-4.8000,0,-1,0,-1,1.516717,0.000000,1.717785,0.000000,0.000000,0.000000,0,0.000000,0.8108,0.0000,0.2000
200,100,-6.2000,0,-1,0,-1,0.859355,0.000000,1.823423,0.000000,0.000000,0.000000,0,0.000000,0.8098,0.0000,0.2000
201,100,-11.1000,0,-1,0,-1,1.264035,0.000000,1.707161,0.000000,0.000000,0.000000,0,0.000000,0.8089,0.0000,0.2000
202,100,-5.7000,0,-1,0,-1,1.045238,0.000000,1.669116,0.000000,0.000000,0.000000,0,0.000000,0.8079,0.0000,0.1900
203,100,-5.6000,0,-1,0,-1,0.675125,0.000000,1.796414,0.000000,0.000000,0.000000,0,0.000000,0.8070,0.0000,0.1900
204,70,-125.4000,1,-1,0,-1,1.335634,0.000000,1.701769,0.000000,0.000000,0.000000,0,0.000000,0.8060,0.0000,0.2000
205,100,-4.9000,0,-1,0,-1,0.724062,0.000000,1.776465,0.000000,0.000000,0.000000,0,0.000000,0.8051,0.0000,0.2000
206,39,-33.0600,1,-1,0,-1,0.865837,0.000000,1.868120,0.000000,0.000000,0.000000,0,0.000000,0.8041,0.0000,0.2100
207,100,-5.8000,0,-1,0,-1,1.314934,0.000000,1.822030,0.000000,0.000000,0.000000,0,0.000000,0.8032,0.0000,0.2100
208,100,-6.1000,0,-1,0,-1,1.249243,0.000000,1.736836,0.000000,0.000000,0.000000,0,0.000000,0.8022,0.0000,0.2100
209,100,-5.0000,0,-1,0,-1,1.056318,0.000000,1.817378,0.000000,0.000000,0.000000,0,0.000000,0.8013,0.0000,0.2100
210,100,-5.5000,0,-1,0,-1,1.745686,0.000000,1.686597,0.000000,0.000000,0.000000,0,0.000000,0.8003,0.0000,0.2100
211,100,-5.4000,0,-1,0,-1,0.457980,0.000000,1.756840,0.000000,0.000000,0.000000,0,0.000000,0.7993,0.0000,0.2100
212,49,-65.6600,1,-1,0,-1,1.076900,0.000000,1.776337,0.000000,0.000000,0.000000,0,0.000000,0.7984,0.0000,0.2200
213,100,-5.8000,0,-1,0,-1,0.749506,0.000000,1.804261,0.000000,0.000000,0.000000,0,0.000000,0.7974,0.0000,0.2200
214,100,-40.5000,0,-1,0,-1,1.013822,0.000000,1.700344,0.000000,0.000000,0.000000,0,0.000000,0.7965,0.0000,0.2200
215,100,-4.6000,0,-1,0,-1,1.054510,0.000000,1.772424,0.000000,0.000000,0.000000,0,0.000000,0.7955,0.0000,0.2200
216,100,-5.8000,0,-1,0,-1,1.013489,0.000000,1.779144,0.000000,0.000000,0.000000,0,0.000000,0.7946,0.0000,0.2100
217,100,-98.1000,0,-1,0,-1,1.398856,0.000000,1.761171,0.000000,0.000000,0.000000,0,0.000000,0.7936,0.0000,0.2100
218,100,-65.5000,0,-1,0,-1,1.006998,0.000000,1.697095,0.000000,0.000000,0.000000,0,0.000000,0.7927,0.0000,0.2100
219,100,-5.3000,0,-1,0,-1,0.601661,0.000000,1.698509,0.000000,0.000000,0.000000,0,0.000000,0.7917,0.0000,0.2100
220,100,-99.2000,0,-1,0,-1,0.586883,0.000000,1.789617,0.000000,0.000000,0.000000,0,0.000000,0.7908,0.0000,0.2100
221,29,-3.8600,1,-1,0,-1,0.964756,0.000000,1.824710,0.000000,0.000000,0.000000,0,0.000000,0.7898,0.0000,0.2200
222,100,-39.7000,0,-1,0,-1,0.741549,0.000000,1.788712,0.000000,0.000000,0.000000,0,0.000000,0.7889,0.0000,0.2200
223,100,-100.0000,0,-1,0,-1,0.892894,0.000000,1.722122,0.000000,0.000000,0.000000,0,0.000000,0.7879,0.0000,0.2200
224,20,-91.6000,1,-1,0,-1,0.041845,0.000000,1.949143,0.000000,0.000000,0.000000,0,0.000000,0.7870,0.0000,0.2300
225,65,-6.7000,1,-1,0,-1,0.860539,0.000000,1.693323,0.000000,0.000000,0.000000,0,0.000000,0.7860,0.0000,0.2400
226,32,-4.4800,1,-1,0,-1,1.447837,0.000000,1.728259,0.000000,0.000000,0.000000,0,0.000000,0.7851,0.0000,0.2500
227,35,-4.9000,1,-1,0,-1,2.021946,0.000000,1.695555,0.000000,0.000000,0.000000,0,0.000000,0.7841,0.0000,0.2500
228,27,-122.5800,1,-1,0,-1,1.533750,0.000000,1.783156,0.000000,0.000000,0.000000,0,0.000000,0.7832,0.0000,0.2500
229,100,-129.8000,0,-1,0,-1,0.898044,0.000000,1.735526,0.000000,0.000000,0.000000,0,0.000000,0.7822,0.0000,0.2500
230,92,-97.0800,1,-1,0,-1,1.333736,0.000000,1.766074,0.000000,0.000000,0.000000,0,0.000000,0.7813,0.0000,0.2600
231,100,-65.3000,0,-1,0,-1,0.471145,0.000000,1.688694,0.000000,0.000000,0.000000,0,0.000000,0.7803,0.0000,0.2600
232,100,-39.6000,0,-1,0,-1,0.983686,0.000000,1.655024,0.000000,0.000000,0.000000,0,0.000000,0.7794,0.0000,0.2600
233,51,-36.1400,1,-1,0,-1,0.054756,0.000000,1.677167,0.000000,0.000000,0.000000,0,0.000000,0.7784,0.0000,0.2700
234,100,-40.3000,0,-1,0,-1,1.942721,0.000000,1.694517,0.000000,0.000000,0.000000,0,0.000000,0.7775,0.0000,0.2700
235,89,-157.2600,1,-1,0,-1,1.198058,0.000000,1.731460,0.000000,0.000000,0.000000,0,0.000000,0.7765,0.0000,0.2800
236,100,-69.5000,0,-1,0,-1,1.161364,0.000000,1.671128,0.000000,0.000000,0.000000,0,0.000000,0.7756,0.0000,0.2800
237,9,-30.6600,1,-1,0,-1,0.100640,0.000000,1.815105,0.000000,0.000000,0.000000,0,0.000000,0.7746,0.0000,0.2900
238,100,-39.1000,0,-1,0,-1,2.039596,0.000000,1.684317,0.000000,0.000000,0.000000,0,0.000000,0.7737,0.0000,0.2900
239,100,-100.0000,0,-1,0,-1,1.014407,0.000000,1.719328,0.000000,0.000000,0.000000,0,0.000000,0.7727,0.0000,0.2900
240,100,-5.2000,0,-1,0,-1,0.937117,0.000000,1.590756,0.000000,0.000000,0.000000,0,0.000000,0.7718,0.0000,0.2900
241,70,-7.4000,1,-1,0,-1,1.495439,0.000000,1.569666,0.000000,0.000000,0.000000,0,0.000000,0.7708,0.0000,0.3000
242,100,-4.4000,0,-1,0,-1,0.619453,0.000000,1.695013,0.000000,0.000000,0.000000,0,0.000000,0.7699,0.0000,0.3000
243,100,-40.1000,0,-1,0,-1,0.473796,0.000000,1.707885,0.000000,0.000000,0.000000,0,0.000000,0.7689,0.0000,0.2900
244,38,-4.5200,1,-1,0,-1,2.547187,0.000000,1.590797,0.000000,0.000000,0.000000,0,0.000000,0.7680,0.0000,0.3000
245,65,-7.1000,1,-1,0,-1,1.052523,0.000000,1.685009,0.000000,0.000000,0.000000,0,0.000000,0.7670,0.0000,0.3000
246,100,-10.7000,0,-1,0,-1,1.483157,0.000000,1.516875,0.000000,0.000000,0.000000,0,0.000000,0.7661,0.0000,0.3000
247,100,-5.2000,0,-1,0,-1,0.960099,0.000000,1.499218,0.000000,0.000000,0.000000,0,0.000000,0.7651,0.0000,0.3000
248,100,-5.1000,0,-1,0,-1,1.163441,0.000000,1.575156,0.000000,0.000000,0.000000,0,0.000000,0.7642,0.0000,0.3000
249,91,-39.1400,1,-1,0,-1,0.882918,0.000000,1.487995,0.000000,0.000000,0.000000,0,0.000000,0.7632,0.0000,0.3100
250,100,-5.3000,0,-1,0,-1,0.963458,0.000000,1.572898,0.000000,0.000000,0.000000,0,0.000000,0.7623,0.0000,0.3100
251,24,-122.1600,1,-1,0,-1,2.571629,0.000000,1.313894,0.000000,0.000000,0.000000,0,0.000000,0.7613,0.0000,0.3200
252,100,-4.8000,0,-1,0,-1,0.634883,0.000000,1.575092,0.000000,0.000000,0.000000,0,0.000000,0.7604,0.0000,0.3200
253,100,-11.0000,0,-1,0,-1,1.186215,0.000000,1.640888,0.000000,0.000000,0.000000,0,0.000000,0.7594,0.0000,0.3200
254,100,-5.7000,0,-1,0,-1,1.080902,0.000000,1.543661,0.000000,0.000000,0.000000,0,0.000000,0.7585,0.0000,0.3200
255,100,-65.5000,0,-1,0,-1,0.765882,0.000000,1.526232,0.000000,0.000000,0.000000,0,0.000000,0.7575,0.0000,0.3100
256,100,-70.7000,0,-1,0,-1,0.499112,0.000000,1.723900,0.000000,0.000000,0.000000,0,0.000000,0.7566,0.0000,0.3100
257,100,-5.4000,0,-1,0,-1,1.246259,0.000000,1.621411,0.000000,0.000000,0.000000,0,0.000000,0.7556,0.0000,0.3100
258,100,-6.5000,0,-1,0,-1,0.987014,0.000000,1.788028,0.000000,0.000000,0.000000,0,0.000000,0.7547,0.0000,0.3100
259,100,-65.7000,0,-1,0,-1,1.717602,0.000000,1.524322,0.000000,0.000000,0.000000,0,0.000000,0.7537,0.0000,0.3100
260,15,-31.1000,1,-1,0,-1,1.710399,0.000000,1.665021,0.000000,0.000000,0.000000,0,0.000000,0.7528,0.0000,0.3200
261,100,-4.7000,0,-1,0,-1,0.989243,0.000000,1.657577,0.000000,0.000000,0.000000,0,0.000000,0.7518,0.0000,0.3100
262,100,-5.2000,0,-1,0,-1,1.064337,0.000000,1.630908,0.000000,0.000000,0.000000,0,0.000000,0.7509,0.0000,0.3100
263,100,-4.4000,0,-1,0,-1,0.587447,0.000000,1.658824,0.000000,0.000000,0.000000,0,0.000000,0.7499,0.0000,0.3000
264,23,-32.4200,1,-1,0,-1,1.475714,0.000000,1.787642,0.000000,0.000000,0.000000,0,0.000000,0.7489,0.0000,0.3100
265,100,-37.6000,0,-1,0,-1,0.593953,0.000000,1.697347,0.000000,0.000000,0.000000,0,0.000000,0.7480,0.0000,0.3100
266,54,-124.7600,1,-1,0,-1,1.265999,0.000000,1.726012,0.000000,0.000000,0.000000,0,0.000000,0.7470,0.0000,0.3200
267,100,-40.3000,0,-1,0,-1,1.072524,0.000000,1.757068,0.000000,0.000000,0.000000,0,0.000000,0.7461,0.0000,0.3200
268,100,-39.4000,0,-1,0,-1,1.702441,0.000000,1.622123,0.000000,0.000000,0.000000,0,0.000000,0.7451,0.0000,0.3200
269,100,-131.0000,0,-1,0,-1,0.803970,0.000000,1.700864,0.000000,0.000000,0.000000,0,0.000000,0.7442,0.0000,0.3200
270,100,-4.5000,0,-1,0,-1,1.269895,0.000000,1.548696,0.000000,0.000000,0.000000,0,0.000000,0.7432,0.0000,0.3200
271,44,-5.5600,1,-1,0,-1,0.749158,0.000000,1.681941,0.000000,0.000000,0.000000,0,0.000000,0.7423,0.0000,0.3200
272,100,-9.9000,0,-1,0,-1,0.684018,0.000000,1.668460,0.000000,0.000000,0.000000,0,0.000000,0.7413,0.0000,0.3200
273,100,-5.6000,0,-1,0,-1,1.568409,0.000000,1.573773,0.000000,0.000000,0.000000,0,0.000000,0.7404,0.0000,0.3200
274,100,-5.2000,0,-1,0,-1,1.050415,0.000000,1.610501,0.000000,0.000000,0.000000,0,0.000000,0.7394,0.0000,0.3100
275,100,-39.9000,0,-1,0,-1,0.839487,0.000000,1.701686,0.000000,0.000000,0.000000,0,0.000000,0.7385,0.0000,0.3100
276,100,-39.6000,0,-1,0,-1,1.813344,0.000000,1.637862,0.000000,0.000000,0.000000,0,0.000000,0.7375,0.0000,0.3000
277,100,-39.2000,0,-1,0,-1,1.280679,0.000000,1.587467,0.000000,0.000000,0.000000,0,0.000000,0.7366,0.0000,0.3000
278,100,-9.5000,0,-1,0,-1,1.292906,0.000000,1.522918,0.000000,0.000000,0.000000,0,0.000000,0.7356,0.0000,0.3000
279,38,-34.7200,1,-1,0,-1,0.755588,0.000000,1.582597,0.000000,0.000000,0.000000,0,0.000000,0.7347,0.0000,0.3100
280,98,-38.5200,1,-1,0,-1,0.738298,0.000000,1.511292,0.000000,0.000000,0.000000,0,0.000000,0.7337,0.0000,0.3100
281,100,-5.0000,0,-1,0,-1,1.422269,0.000000,1.473817,0.000000,0.000000,0.000000,0,0.000000,0.7328,0.0000,0.3100
282,14,-30.9600,1,-1,0,-1,1.110723,0.000000,1.708384,0.000000,0.000000,0.000000,0,0.000000,0.7318,0.0000,0.3200
283,100,-5.1000,0,-1,0,-1,0.923771,0.000000,1.598611,0.000000,0.000000,0.000000,0,0.000000,0.7309,0.0000,0.3100
284,100,-9.3000,0,-1,0,-1,0.661244,0.000000,1.584890,0.000000,0.000000,0.000000,0,0.000000,0.7299,0.0000,0.3100
285,70,-37.4000,1,-1,0,-1,1.435498,0.000000,1.497686,0.000000,0.000000,0.000000,0,0.000000,0.7290,0.0000,0.3100
286,100,-5.1000,0,-1,0,-1,1.230233,0.000000,1.577861,0.000000,0.000000,0.000000,0,0.000000,0.7280,0.0000,0.3100
287,100,-5.6000,0,-1,0,-1,1.136297,0.000000,1.637451,0.000000,0.000000,0.000000,0,0.000000,0.7271,0.0000,0.3100
288,100,-5.9000,0,-1,0,-1,1.434080,0.000000,1.441336,0.000000,0.000000,0.000000,0,0.000000,0.7261,0.0000,0.3000
289,100,-39.6000,0,-1,0,-1,1.015432,0.000000,1.417964,0.000000,0.000000,0.000000,0,0.000000,0.7252,0.0000,0.3000
290,100,-99.8000,0,-1,0,-1,0.946778,0.000000,1.547027,0.000000,0.000000,0.000000,0,0.000000,0.7242,0.0000,0.2900
291,100,-159.8000,0,-1,0,-1,1.269995,0.000000,1.587479,0.000000,0.000000,0.000000,0,0.000000,0.7233,0.0000,0.2800
292,100,-35.0000,0,-1,0,-1,1.356724,0.000000,1.552195,0.000000,0.000000,0.000000,0,0.000000,0.7223,0.0000,0.2800
293,75,-7.9000,1,-1,0,-1,1.057221,0.000000,1.523894,0.000000,0.000000,0.000000,0,0.000000,0.7214,0.0000,0.2800
294,100,-5.1000,0,-1,0,-1,1.491418,0.000000,1.560489,0.000000,0.000000,0.000000,0,0.000000,0.7204,0.0000,0.2800
295,55,-6.9000,1,-1,0,-1,0.676325,0.000000,1.628205,0.000000,0.000000,0.000000,0,0.000000,0.7195,0.0000,0.2900
296,60,-67.0000,1,-1,0,-1,1.484145,0.000000,1.452157,0.000000,0.000000,0.000000,0,0.000000,0.7185,0.0000,0.3000
297,100,-5.2000,0,-1,0,-1,1.156743,0.000000,1.479438,0.000000,0.000000,0.000000,0,0.000000,0.7176,0.0000,0.2900
298,100,-9.0000,0,-1,0,-1,1.090225,0.000000,1.501842,0.000000,0.000000,0.000000,0,0.000000,0.7166,0.0000,0.2900
299,100,-69.2000,0,-1,0,-1,1.132269,0.000000,1.570653,0.000000,0.000000,0.000000,0,0.000000,0.7157,0.0000,0.2900
300,100,-5.1000,0,-1,0,-1,0.878923,0.000000,1.519965,0.000000,0.000000,0.000000,0,0.000000,0.7147,0.0000,0.2900
301,100,-4.6000,0,-1,0,-1,1.086892,0.000000,1.557218,0.000000,0.000000,0.000000,0,0.000000,0.7138,0.0000,0.2900
302,100,-5.3000,0,-1,0,-1,1.565644,0.000000,1.381234,0.000000,0.000000,0.000000,0,0.000000,0.7128,0.0000,0.2900
303,93,-38.2200,1,-1,0,-1,1.831381,0.000000,1.532859,0.000000,0.000000,0.000000,0,0.000000,0.7119,0.0000,0.3000
304,100,-6.1000,0,-1,0,-1,1.240322,0.000000,1.482907,0.000000,0.000000,0.000000,0,0.000000,0.7109,0.0000,0.2900
305,100,-5.8000,0,-1,0,-1,0.958101,0.000000,1.605020,0.000000,0.000000,0.000000,0,0.000000,0.7100,0.0000,0.2900
306,58,-6.7200,1,-1,0,-1,0.795996,0.000000,1.542536,0.000000,0.000000,0.000000,0,0.000000,0.7090,0.0000,0.2900
307,100,-4.7000,0,-1,0,-1,2.330425,0.000000,1.450831,0.000000,0.000000,0.000000,0,0.000000,0.7081,0.0000,0.2900
308,100,-130.8000,0,-1,0,-1,1.151973,0.000000,1.450617,0.000000,0.000000,0.000000,0,0.000000,0.7071,0.0000,0.2900
309,92,-8.8800,1,-1,0,-1,1.202222,0.000000,1.357600,0.000000,0.000000,0.000000,0,0.000000,0.7062,0.0000,0.3000
310,100,-65.2000,0,-1,0,-1,1.279834,0.000000,1.492321,0.000000,0.000000,0.000000,0,0.000000,0.7052,0.0000,0.3000
311,100,-69.9000,0,-1,0,-1,0.791969,0.000000,1.499733,0.000000,0.000000,0.000000,0,0.000000,0.7043,0.0000,0.3000
312,100,-4.7000,0,-1,0,-1,1.670723,0.000000,1.436766,0.000000,0.000000,0.000000,0,0.000000,0.7033,0.0000,0.2900
313,100,-4.2000,0,-1,0,-1,1.204275,0.000000,1.474587,0.000000,0.000000,0.000000,0,0.000000,0.7024,0.0000,0.2900
314,100,-10.1000,0,-1,0,-1,1.558456,0.000000,1.418716,0.000000,0.000000,0.000000,0,0.000000,0.7014,0.0000,0.2900
315,100,-70.1000,0,-1,0,-1,1.128725,0.000000,1.430218,0.000000,0.000000,0.000000,0,0.000000,0.7005,0.0000,0.2900
316,100,-5.4000,0,-1,0,-1,1.380521,0.000000,1.487866,0.000000,0.000000,0.000000,0,0.000000,0.6995,0.0000,0.2900
317,100,-4.9000,0,-1,0,-1,1.878294,0.000000,1.471299,0.000000,0.000000,0.000000,0,0.000000,0.6985,0.0000,0.2900
318,47,-5.5800,1,-1,0,-1,1.342008,0.000000,1.462030,0.000000,0.000000,0.000000,0,0.000000,0.6976,0.0000,0.3000
319,100,-39.5000,0,-1,0,-1,1.151947,0.000000,1.412261,0.000000,0.000000,0.000000,0,0.000000,0.6966,0.0000,0.3000
320,100,-4.4000,0,-1,0,-1,1.685549,0.000000,1.393421,0.000000,0.000000,0.000000,0,0.000000,0.6957,0.0000,0.3000
321,100,-10.3000,0,-1,0,-1,1.382266,0.000000,1.548556,0.000000,0.000000,0.000000,0,0.000000,0.6947,0.0000,0.2900
322,100,-4.4000,0,-1,0,-1,0.727820,0.000000,1.580843,0.000000,0.000000,0.000000,0,0.000000,0.6938,0.0000,0.2900
323,82,-97.8800,1,-1,0,-1,1.120935,0.000000,1.582770,0.000000,0.000000,0.000000,0,0.000000,0.6928,0.0000,0.3000
324,100,-9.0000,0,-1,0,-1,1.397320,0.000000,1.466173,0.000000,0.000000,0.000000,0,0.000000,0.6919,0.0000,0.2900
325,100,-9.8000,0,-1,0,-1,1.350803,0.000000,1.478638,0.000000,0.000000,0.000000,0,0.000000,0.6909,0.0000,0.2800
326,100,-10.3000,0,-1,0,-1,1.000486,0.000000,1.539546,0.000000,0.000000,0.000000,0,0.000000,0.6900,0.0000,0.2700
327,100,-5.7000,0,-1,0,-1,1.187666,0.000000,1.588751,0.000000,0.000000,0.000000,0,0.000000,0.6890,0.0000,0.2600
328,47,-5.5800,1,-1,0,-1,1.514246,0.000000,1.435787,0.000000,0.000000,0.000000,0,0.000000,0.6881,0.0000,0.2600
329,100,-5.3000,0,-1,0,-1,1.137374,0.000000,1.518955,0.000000,0.000000,0.000000,0,0.000000,0.6871,0.0000,0.2600
330,100,-40.1000,0,-1,0,-1,0.953059,0.000000,1.505947,0.000000,0.000000,0.000000,0,0.000000,0.6862,0.0000,0.2500
331,65,-6.9000,1,-1,0,-1,1.182908,0.000000,1.533578,0.000000,0.000000,0.000000,0,0.000000,0.6852,0.0000,0.2600
332,43,-5.6200,1,-1,0,-1,1.276850,0.000000,1.611701,0.000000,0.000000,0.000000,0,0.000000,0.6843,0.0000,0.2700
333,100,-131.6000,0,-1,0,-1,1.421241,0.000000,1.474312,0.000000,0.000000,0.000000,0,0.000000,0.6833,0.0000,0.2600
334,50,-5.4000,1,-1,0,-1,1.062351,0.000000,1.398620,0.000000,0.000000,0.000000,0,0.000000,0.6824,0.0000,0.2700
335,100,-5.1000,0,-1,0,-1,1.367989,0.000000,1.433291,0.000000,0.000000,0.000000,0,0.000000,0.6814,0.0000,0.2600
336,51,-6.3400,1,-1,0,-1,1.192026,0.000000,1.439392,0.000000,0.000000,0.000000,0,0.000000,0.6805,0.0000,0.2700
337,24,-3.5600,1,-1,0,-1,0.226932,0.000000,1.412655,0.000000,0.000000,0.000000,0,0.000000,0.6795,0.0000,0.2700
338,100,-160.3000,0,-1,0,-1,0.919438,0.000000,1.373480,0.000000,0.000000,0.000000,0,0.000000,0.6786,0.0000,0.2700
339,100,-130.1000,0,-1,0,-1,1.899721,0.000000,1.381574,0.000000,0.000000,0.000000,0,0.000000,0.6776,0.0000,0.2700
340,70,-37.4000,1,-1,0,-1,1.080524,0.000000,1.434445,0.000000,0.000000,0.000000,0,0.000000,0.6767,0.0000,0.2800
341,100,-100.9000,0,-1,0,-1,1.463007,0.000000,1.361230,0.000000,0.000000,0.000000,0,0.000000,0.6757,0.0000,0.2700
342,27,-3.9800,1,-1,0,-1,1.289004,0.000000,1.450430,0.000000,0.000000,0.000000,0,0.000000,0.6748,0.0000,0.2800
343,100,-4.7000,0,-1,0,-1,1.538852,0.000000,1.468273,0.000000,0.000000,0.000000,0,0.000000,0.6738,0.0000,0.2800
344,100,-101.0000,0,-1,0,-1,1.372143,0.000000,1.384835,0.000000,0.000000,0.000000,0,0.000000,0.6729,0.0000,0.2700
345,100,-129.7000,0,-1,0,-1,1.026628,0.000000,1.396653,0.000000,0.000000,0.000000,0,0.000000,0.6719,0.0000,0.2600
346,69,-127.4600,1,-1,0,-1,0.693884,0.000000,1.371992,0.000000,0.000000,0.000000,0,0.000000,0.6710,0.0000,0.2700
347,98,-9.1200,1,-1,0,-1,2.040054,0.000000,1.306556,0.000000,0.000000,0.000000,0,0.000000,0.6700,0.0000,0.2800
348,82,-38.0800,1,-1,0,-1,0.687508,0.000000,1.473695,0.000000,0.000000,0.000000,0,0.000000,0.6691,0.0000,0.2900
349,100,-4.7000,0,-1,0,-1,1.363734,0.000000,1.437987,0.000000,0.000000,0.000000,0,0.000000,0.6681,0.0000,0.2800
350,100,-154.1000,0,-1,0,-1,1.060984,0.000000,1.362657,0.000000,0.000000,0.000000,0,0.000000,0.6672,0.0000,0.2800
351,100,-190.5000,0,-1,0,-1,1.449150,0.000000,1.353857,0.000000,0.000000,0.000000,0,0.000000,0.6662,0.0000,0.2700
352,52,-5.2800,1,-1,0,-1,1.022056,0.000000,1.461815,0.000000,0.000000,0.000000,0,0.000000,0.6653,0.0000,0.2800
353,100,-4.8000,0,-1,0,-1,1.174236,0.000000,1.390214,0.000000,0.000000,0.000000,0,0.000000,0.6643,0.0000,0.2800
354,100,-69.5000,0,-1,0,-1,1.413293,0.000000,1.426653,0.000000,0.000000,0.000000,0,0.000000,0.6634,0.0000,0.2800
355,100,-9.8000,0,-1,0,-1,1.427636,0.000000,1.365303,0.000000,0.000000,0.000000,0,0.000000,0.6624,0.0000,0.2800
356,100,-4.7000,0,-1,0,-1,0.820321,0.000000,1.478665,0.000000,0.000000,0.000000,0,0.000000,0.6615,0.0000,0.2800
357,100,-5.5000,0,-1,0,-1,1.982770,0.000000,1.264197,0.000000,0.000000,0.000000,0,0.000000,0.6605,0.0000,0.2800
358,98,-9.7200,1,-1,0,-1,1.378464,0.000000,1.377689,0.000000,0.000000,0.000000,0,0.000000,0.6596,0.0000,0.2900
359,100,-5.3000,0,-1,0,-1,1.199920,0.000000,1.386008,0.000000,0.000000,0.000000,0,0.000000,0.6586,0.0000,0.2900
360,100,-4.3000,0,-1,0,-1,1.454269,0.000000,1.422112,0.000000,0.000000,0.000000,0,0.000000,0.6577,0.0000,0.2800
361,100,-4.8000,0,-1,0,-1,1.170202,0.000000,1.309591,0.000000,0.000000,0.000000,0,0.000000,0.6567,0.0000,0.2800
362,100,-4.1000,0,-1,0,-1,0.973552,0.000000,1.356683,0.000000,0.000000,0.000000,0,0.000000,0.6558,0.0000,0.2800
363,100,-4.5000,0,-1,0,-1,1.498386,0.000000,1.363651,0.000000,0.000000,0.000000,0,0.000000,0.6548,0.0000,0.2800
364,100,-3.5000,0,-1,0,-1,1.395095,0.000000,1.374648,0.000000,0.000000,0.000000,0,0.000000,0.6539,0.0000,0.2700
365,100,-4.8000,0,-1,0,-1,0.856054,0.000000,1.476477,0.000000,0.000000,0.000000,0,0.000000,0.6529,0.0000,0.2700
366,100,-4.3000,0,-1,0,-1,0.954900,0.000000,1.340515,0.000000,0.000000,0.000000,0,0.000000,0.6520,0.0000,0.2600
367,100,-6.0000,0,-1,0,-1,1.574227,0.000000,1.343024,0.000000,0.000000,0.000000,0,0.000000,0.6510,0.0000,0.2600
368,100,-39.4000,0,-1,0,-1,1.774658,0.000000,1.303244,0.000000,0.000000,0.000000,0,0.000000,0.6501,0.0000,0.2600
369,100,-10.1000,0,-1,0,-1,1.496438,0.000000,1.196490,0.000000,0.000000,0.000000,0,0.000000,0.6491,0.0000,0.2600
370,100,-9.8000,0,-1,0,-1,1.606147,0.000000,1.285574,0.000000,0.000000,0.000000,0,0.000000,0.6481,0.0000,0.2600
371,100,-4.2000,0,-1,0,-1,0.906909,0.000000,1.363375,0.000000,0.000000,0.000000,0,0.000000,0.6472,0.0000,0.2500
372,100,-4.5000,0,-1,0,-1,1.970262,0.000000,1.324946,0.000000,0.000000,0.000000,0,0.000000,0.6462,0.0000,0.2500
373,100,-5.9000,0,-1,0,-1,1.568900,0.000000,1.327286,0.000000,0.000000,0.000000,0,0.000000,0.6453,0.0000,0.2500
374,100,-4.7000,0,-1,0,-1,1.339460,0.000000,1.313591,0.000000,0.000000,0.000000,0,0.000000,0.6443,0.0000,0.2500
375,100,-5.3000,0,-1,0,-1,0.983296,0.000000,1.392839,0.000000,0.000000,0.000000,0,0.000000,0.6434,0.0000,0.2500
376,100,-5.2000,0,-1,0,-1,1.269316,0.000000,1.397612,0.000000,0.000000,0.000000,0,0.000000,0.6424,0.0000,0.2500
377,100,-4.6000,0,-1,0,-1,1.501902,0.000000,1.293399,0.000000,0.000000,0.000000,0,0.000000,0.6415,0.0000,0.2500
378,100,-4.1000,0,-1,0,-1,1.350066,0.000000,1.365393,0.000000,0.000000,0.000000,0,0.000000,0.6405,0.0000,0.2500
379,100,-4.2000,0,-1,0,-1,2.265890,0.000000,1.340539,0.000000,0.000000,0.000000,0,0.000000,0.6396,0.0000,0.2400
380,86,-39.4400,1,-1,0,-1,1.106363,0.000000,1.222457,0.000000,0.000000,0.000000,0,0.000000,0.6386,0.0000,0.2400
381,100,-4.4000,0,-1,0,-1,1.630945,0.000000,1.247099,0.000000,0.000000,0.000000,0,0.000000,0.6377,0.0000,0.2400
382,100,-5.0000,0,-1,0,-1,1.164500,0.000000,1.245878,0.000000,0.000000,0.000000,0,0.000000,0.6367,0.0000,0.2300
383,100,-4.5000,0,-1,0,-1,1.557702,0.000000,1.250994,0.000000,0.000000,0.000000,0,0.000000,0.6358,0.0000,0.2300
384,100,-4.7000,0,-1,0,-1,1.141715,0.000000,1.290808,0.000000,0.000000,0.000000,0,0.000000,0.6348,0.0000,0.2300
385,100,-4.1000,0,-1,0,-1,1.340773,0.000000,1.265594,0.000000,0.000000,0.000000,0,0.000000,0.6339,0.0000,0.2200
386,100,-4.6000,0,-1,0,-1,0.516703,0.000000,1.254407,0.000000,0.000000,0.000000,0,0.000000,0.6329,0.0000,0.2200
387,100,-3.6000,0,-1,0,-1,1.176926,0.000000,1.241756,0.000000,0.000000,0.000000,0,0.000000,0.6320,0.0000,0.2200
388,100,-4.7000,0,-1,0,-1,1.543854,0.000000,1.219144,0.000000,0.000000,0.000000,0,0.000000,0.6310,0.0000,0.2200
389,100,-4.5000,0,-1,0,-1,1.371102,0.000000,1.169666,0.000000,0.000000,0.000000,0,0.000000,0.6301,0.0000,0.2200
390,53,-65.8200,1,-1,0,-1,1.518565,0.000000,1.189984,0.000000,0.000000,0.000000,0,0.000000,0.6291,0.0000,0.2300
391,100,-4.3000,0,-1,0,-1,1.980072,0.000000,1.216889,0.000000,0.000000,0.000000,0,0.000000,0.6282,0.0000,0.2300
392,100,-4.0000,0,-1,0,-1,1.296909,0.000000,1.173080,0.000000,0.000000,0.000000,0,0.000000,0.6272,0.0000,0.2300
393,100,-4.9000,0,-1,0,-1,1.269062,0.000000,1.216179,0.000000,0.000000,0.000000,0,0.000000,0.6263,0.0000,0.2200
394,100,-4.8000,0,-1,0,-1,1.537696,0.000000,1.216153,0.000000,0.000000,0.000000,0,0.000000,0.6253,0.0000,0.2200
395,100,-5.4000,0,-1,0,-1,0.985457,0.000000,1.264801,0.000000,0.000000,0.000000,0,0.000000,0.6244,0.0000,0.2100
396,100,-5.4000,0,-1,0,-1,1.847214,0.000000,1.204326,0.000000,0.000000,0.000000,0,0.000000,0.6234,0.0000,0.2000
397,100,-5.3000,0,-1,0,-1,2.135642,0.000000,1.181919,0.000000,0.000000,0.000000,0,0.000000,0.6225,0.0000,0.2000
398,100,-4.1000,0,-1,0,-1,1.257847,0.000000,1.217646,0.000000,0.000000,0.000000,0,0.000000,0.6215,0.0000,0.2000
399,100,-4.4000,0,-1,0,-1,1.042717,0.000000,1.263372,0.000000,0.000000,0.000000,0,0.000000,0.6206,0.0000,0.2000
400,100,-5.2000,0,-1,0,-1,0.891117,0.000000,1.298806,0.000000,0.000000,0.000000,0,0.000000,0.6196,0.0000,0.2000
401,100,-5.3000,0,-1,0,-1,0.965241,0.000000,1.142672,0.000000,0.000000,0.000000,0,0.000000,0.6187,0.0000,0.2000
402,100,-4.7000,0,-1,0,-1,1.347593,0.000000,1.174131,0.000000,0.000000,0.000000,0,0.000000,0.6177,0.0000,0.2000
403,100,-5.3000,0,-1,0,-1,0.872018,0.000000,1.196799,0.000000,0.000000,0.000000,0,0.000000,0.6168,0.0000,0.1900
404,100,-5.1000,0,-1,0,-1,1.304809,0.000000,1.156056,0.000000,0.000000,0.000000,0,0.000000,0.6158,0.0000,0.1900
405,100,-5.6000,0,-1,0,-1,1.117282,0.000000,1.249802,0.000000,0.000000,0.000000,0,0.000000,0.6149,0.0000,0.1900
406,100,-4.3000,0,-1,0,-1,1.396769,0.000000,1.170001,0.000000,0.000000,0.000000,0,0.000000,0.6139,0.0000,0.1800
407,100,-4.0000,0,-1,0,-1,1.372546,0.000000,1.076207,0.000000,0.000000,0.000000,0,0.000000,0.6130,0.0000,0.1800
408,100,-3.4000,0,-1,0,-1,1.784009,0.000000,1.172134,0.000000,0.000000,0.000000,0,0.000000,0.6120,0.0000,0.1800
409,100,-10.7000,0,-1,0,-1,1.325224,0.000000,1.248609,0.000000,0.000000,0.000000,0,0.000000,0.6111,0.0000,0.1700
410,100,-4.4000,0,-1,0,-1,1.256123,0.000000,1.194916,0.000000,0.000000,0.000000,0,0.000000,0.6101,0.0000,0.1700
411,100,-10.0000,0,-1,0,-1,1.116339,0.000000,1.194032,0.000000,0.000000,0.000000,0,0.000000,0.6092,0.0000,0.1700
412,100,-3.7000,0,-1,0,-1,1.271103,0.000000,1.133400,0.000000,0.000000,0.000000,0,0.000000,0.6082,0.0000,0.1700
413,100,-8.9000,0,-1,0,-1,1.044106,0.000000,1.180316,0.000000,0.000000,0.000000,0,0.000000,0.6073,0.0000,0.1700
414,100,-3.5000,0,-1,0,-1,1.338546,0.000000,1.226531,0.000000,0.000000,0.000000,0,0.000000,0.6063,0.0000,0.1700
415,100,-38.9000,0,-1,0,-1,1.143833,0.000000,1.172526,0.000000,0.000000,0.000000,0,0.000000,0.6054,0.0000,0.1700
416,100,-4.0000,0,-1,0,-1,1.154785,0.000000,1.155686,0.000000,0.000000,0.000000,0,0.000000,0.6044,0.0000,0.1700
417,100,-7.7000,0,-1,0,-1,1.189205,0.000000,1.305404,0.000000,0.000000,0.000000,0,0.000000,0.6035,0.0000,0.1700
418,60,-36.0000,1,-1,0,-1,1.057428,0.000000,1.368919,0.000000,0.000000,0.000000,0,0.000000,0.6025,0.0000,0.1700
419,100,-4.1000,0,-1,0,-1,1.173882,0.000000,1.132984,0.000000,0.000000,0.000000,0,0.000000,0.6016,0.0000,0.1700
420,100,-39.5000,0,-1,0,-1,1.256453,0.000000,1.193409,0.000000,0.000000,0.000000,0,0.000000,0.6006,0.0000,0.1700
421,100,-3.4000,0,-1,0,-1,1.281126,0.000000,1.196049,0.000000,0.000000,0.000000,0,0.000000,0.5996,0.0000,0.1700
422,100,-3.9000,0,-1,0,-1,1.087684,0.000000,1.325485,0.000000,0.000000,0.000000,0,0.000000,0.5987,0.0000,0.1700
423,100,-8.8000,0,-1,0,-1,0.910603,0.000000,1.297829,0.000000,0.000000,0.000000,0,0.000000,0.5977,0.0000,0.1600
424,100,-4.2000,0,-1,0,-1,1.330781,0.000000,1.104275,0.000000,0.000000,0.000000,0,0.000000,0.5968,0.0000,0.1600
425,100,-4.7000,0,-1,0,-1,1.916891,0.000000,1.166399,0.000000,0.000000,0.000000,0,0.000000,0.5958,0.0000,0.1600
426,76,-7.8400,1,-1,0,-1,0.814558,0.000000,1.288509,0.000000,0.000000,0.000000,0,0.000000,0.5949,0.0000,0.1700
427,100,-4.0000,0,-1,0,-1,0.981644,0.000000,1.202340,0.000000,0.000000,0.000000,0,0.000000,0.5939,0.0000,0.1700
428,100,-3.9000,0,-1,0,-1,0.748882,0.000000,1.240660,0.000000,0.000000,0.000000,0,0.000000,0.5930,0.0000,0.1600
429,100,-3.7000,0,-1,0,-1,0.690541,0.000000,1.242935,0.000000,0.000000,0.000000,0,0.000000,0.5920,0.0000,0.1600
430,100,-9.8000,0,-1,0,-1,1.709296,0.000000,1.153408,0.000000,0.000000,0.000000,0,0.000000,0.5911,0.0000,0.1600
431,100,-38.9000,0,-1,0,-1,1.035586,0.000000,1.141805,0.000000,0.000000,0.000000,0,0.000000,0.5901,0.0000,0.1500
432,41,-5.5400,1,-1,0,-1,0.649824,0.000000,1.144161,0.000000,0.000000,0.000000,0,0.000000,0.5892,0.0000,0.1500
433,100,-99.2000,0,-1,0,-1,0.824708,0.000000,1.186398,0.000000,0.000000,0.000000,0,0.000000,0.5882,0.0000,0.1500
434,100,-39.1000,0,-1,0,-1,1.053679,0.000000,1.254565,0.000000,0.000000,0.000000,0,0.000000,0.5873,0.0000,0.1400
435,100,-67.3000,0,-1,0,-1,1.218436,0.000000,1.231010,0.000000,0.000000,0.000000,0,0.000000,0.5863,0.0000,0.1400
436,100,-129.1000,0,-1,0,-1,1.203452,0.000000,1.199502,0.000000,0.000000,0.000000,0,0.000000,0.5854,0.0000,0.1300
437,100,-10.0000,0,-1,0,-1,1.041457,0.000000,1.088264,0.000000,0.000000,0.000000,0,0.000000,0.5844,0.0000,0.1200
438,44,-35.3600,1,-1,0,-1,0.444703,0.000000,1.169390,0.000000,0.000000,0.000000,0,0.000000,0.5835,0.0000,0.1300
439,100,-9.3000,0,-1,0,-1,0.848532,0.000000,1.283659,0.000000,0.000000,0.000000,0,0.000000,0.5825,0.0000,0.1300
440,100,-4.3000,0,-1,0,-1,1.505836,0.000000,1.221877,0.000000,0.000000,0.000000,0,0.000000,0.5816,0.0000,0.1200
441,100,-4.5000,0,-1,0,-1,2.842693,0.000000,1.050888,0.000000,0.000000,0.000000,0,0.000000,0.5806,0.0000,0.1200
442,100,-65.0000,0,-1,0,-1,1.470228,0.000000,1.151713,0.000000,0.000000,0.000000,0,0.000000,0.5797,0.0000,0.1100
443,100,-248.0000,0,-1,0,-1,1.253106,0.000000,1.097277,0.000000,0.000000,0.000000,0,0.000000,0.5787,0.0000,0.1100
444,100,-124.2000,0,-1,0,-1,1.267954,0.000000,1.129445,0.000000,0.000000,0.000000,0,0.000000,0.5778,0.0000,0.1100
445,100,-5.1000,0,-1,0,-1,0.939167,0.000000,1.227517,0.000000,0.000000,0.000000,0,0.000000,0.5768,0.0000,0.1100
446,100,-3.3000,0,-1,0,-1,1.132282,0.000000,1.190024,0.000000,0.000000,0.000000,0,0.000000,0.5759,0.0000,0.1000
447,83,-67.2200,1,-1,0,-1,1.380896,0.000000,1.214356,0.000000,0.000000,0.000000,0,0.000000,0.5749,0.0000,0.1000
448,100,-9.2000,0,-1,0,-1,1.468483,0.000000,1.171057,0.000000,0.000000,0.000000,0,0.000000,0.5740,0.0000,0.0900
449,100,-68.7000,0,-1,0,-1,1.112535,0.000000,1.139868,0.000000,0.000000,0.000000,0,0.000000,0.5730,0.0000,0.0900
450,100,-10.4000,0,-1,0,-1,1.122437,0.000000,1.119372,0.000000,0.000000,0.000000,0,0.000000,0.5721,0.0000,0.0900
451,100,-4.1000,0,-1,0,-1,1.706885,0.000000,1.145557,0.000000,0.000000,0.000000,0,0.000000,0.5711,0.0000,0.0900
452,100,-4.4000,0,-1,0,-1,1.009582,0.000000,1.084117,0.000000,0.000000,0.000000,0,0.000000,0.5702,0.0000,0.0800
453,100,-3.4000,0,-1,0,-1,1.339305,0.000000,1.176689,0.000000,0.000000,0.000000,0,0.000000,0.5692,0.0000,0.0800
454,100,-4.4000,0,-1,0,-1,1.955939,0.000000,1.063881,0.000000,0.000000,0.000000,0,0.000000,0.5683,0.0000,0.0800
455,100,-2.9000,0,-1,0,-1,0.960130,0.000000,1.041595,0.000000,0.000000,0.000000,0,0.000000,0.5673,0.0000,0.0800
456,100,-94.3000,0,-1,0,-1,1.314671,0.000000,0.929705,0.000000,0.000000,0.000000,0,0.000000,0.5664,0.0000,0.0800
457,100,-4.6000,0,-1,0,-1,1.344251,0.000000,1.207216,0.000000,0.000000,0.000000,0,0.000000,0.5654,0.0000,0.0800
458,100,-4.2000,0,-1,0,-1,1.790949,0.000000,1.071294,0.000000,0.000000,0.000000,0,0.000000,0.5645,0.0000,0.0700
459,100,-8.2000,0,-1,0,-1,1.659148,0.000000,1.037827,0.000000,0.000000,0.000000,0,0.000000,0.5635,0.0000,0.0700
460,100,-8.2000,0,-1,0,-1,1.032176,0.000000,1.038051,0.000000,0.000000,0.000000,0,0.000000,0.5626,0.0000,0.0700
461,100,-8.7000,0,-1,0,-1,1.386742,0.000000,1.085042,0.000000,0.000000,0.000000,0,0.000000,0.5616,0.0000,0.0700
462,100,-8.0000,0,-1,0,-1,1.052281,0.000000,1.043195,0.000000,0.000000,0.000000,0,0.000000,0.5607,0.0000,0.0700
463,100,-4.0000,0,-1,0,-1,1.903575,0.000000,1.038665,0.000000,0.000000,0.000000,0,0.000000,0.5597,0.0000,0.0700
464,100,-4.1000,0,-1,0,-1,1.920066,0.000000,0.953967,0.000000,0.000000,0.000000,0,0.000000,0.5588,0.0000,0.0700
465,100,-4.0000,0,-1,0,-1,1.464909,0.000000,1.092834,0.000000,0.000000,0.000000,0,0.000000,0.5578,0.0000,0.0700
466,100,-99.4000,0,-1,0,-1,1.876769,0.000000,1.107123,0.000000,0.000000,0.000000,0,0.000000,0.5569,0.0000,0.0700
467,100,-68.6000,0,-1,0,-1,1.640678,0.000000,1.121713,0.000000,0.000000,0.000000,0,0.000000,0.5559,0.0000,0.0700
468,100,-8.6000,0,-1,0,-1,1.097467,0.000000,0.966627,0.000000,0.000000,0.000000,0,0.000000,0.5550,0.0000,0.0700
469,34,-4.9600,1,-1,0,-1,1.847337,0.000000,0.976541,0.000000,0.000000,0.000000,0,0.000000,0.5540,0.0000,0.0800
470,100,-4.6000,0,-1,0,-1,1.533184,0.000000,1.022733,0.000000,0.000000,0.000000,0,0.000000,0.5531,0.0000,0.0800
471,100,-3.4000,0,-1,0,-1,0.797919,0.000000,0.960121,0.000000,0.000000,0.000000,0,0.000000,0.5521,0.0000,0.0800
472,100,-64.4000,0,-1,0,-1,0.864051,0.000000,0.992331,0.000000,0.000000,0.000000,0,0.000000,0.5512,0.0000,0.0800
473,100,-3.9000,0,-1,0,-1,1.465876,0.000000,0.957850,0.000000,0.000000,0.000000,0,0.000000,0.5502,0.0000,0.0800
474,100,-4.7000,0,-1,0,-1,1.033458,0.000000,1.019428,0.000000,0.000000,0.000000,0,0.000000,0.5492,0.0000,0.0800
475,100,-3.8000,0,-1,0,-1,1.224715,0.000000,1.031429,0.000000,0.000000,0.000000,0,0.000000,0.5483,0.0000,0.0800
476,100,-39.2000,0,-1,0,-1,1.495054,0.000000,1.025111,0.000000,0.000000,0.000000,0,0.000000,0.5473,0.0000,0.0800
477,100,-3.9000,0,-1,0,-1,2.467421,0.000000,0.919324,0.000000,0.000000,0.000000,0,0.000000,0.5464,0.0000,0.0800
478,100,-3.5000,0,-1,0,-1,1.153318,0.000000,0.954566,0.000000,0.000000,0.000000,0,0.000000,0.5454,0.0000,0.0800
479,100,-5.1000,0,-1,0,-1,1.262511,0.000000,0.809191,0.000000,0.000000,0.000000,0,0.000000,0.5445,0.0000,0.0800
480,100,-3.1000,0,-1,0,-1,1.141848,0.000000,0.913042,0.000000,0.000000,0.000000,0,0.000000,0.5435,0.0000,0.0700
481,100,-3.4000,0,-1,0,-1,1.360733,0.000000,0.919980,0.000000,0.000000,0.000000,0,0.000000,0.5426,0.0000,0.0700
482,100,-3.6000,0,-1,0,-1,1.024911,0.000000,0.972283,0.000000,0.000000,0.000000,0,0.000000,0.5416,0.0000,0.0700
483,100,-4.1000,0,-1,0,-1,1.567800,0.000000,0.930841,0.000000,0.000000,0.000000,0,0.000000,0.5407,0.0000,0.0700
484,100,-3.2000,0,-1,0,-1,1.005953,0.000000,0.954757,0.000000,0.000000,0.000000,0,0.000000,0.5397,0.0000,0.0700
485,100,-3.5000,0,-1,0,-1,1.391616,0.000000,0.894326,0.000000,0.000000,0.000000,0,0.000000,0.5388,0.0000,0.0700
486,73,-7.6200,1,-1,0,-1,0.647997,0.000000,0.900801,0.000000,0.000000,0.000000,0,0.000000,0.5378,0.0000,0.0800
487,100,-3.5000,0,-1,0,-1,1.225017,0.000000,0.975776,0.000000,0.000000,0.000000,0,0.000000,0.5369,0.0000,0.0800
488,100,-3.2000,0,-1,0,-1,1.414959,0.000000,0.903296,0.000000,0.000000,0.000000,0,0.000000,0.5359,0.0000,0.0800
489,100,-4.6000,0,-1,0,-1,1.618045,0.000000,0.900345,0.000000,0.000000,0.000000,0,0.000000,0.5350,0.0000,0.0800
490,100,-34.1000,0,-1,0,-1,1.727521,0.000000,0.869958,0.000000,0.000000,0.000000,0,0.000000,0.5340,0.0000,0.0700
491,100,-3.7000,0,-1,0,-1,2.031773,0.000000,0.807955,0.000000,0.000000,0.000000,0,0.000000,0.5331,0.0000,0.0700
492,100,-68.5000,0,-1,0,-1,1.708053,0.000000,0.888490,0.000000,0.000000,0.000000,0,0.000000,0.5321,0.0000,0.0700
493,100,-3.3000,0,-1,0,-1,1.338849,0.000000,0.895374,0.000000,0.000000,0.000000,0,0.000000,0.5312,0.0000,0.0700
494,40,-33.6000,1,-1,0,-1,1.869714,0.000000,0.827704,0.000000,0.000000,0.000000,0,0.000000,0.5302,0.0000,0.0800
495,100,-8.7000,0,-1,0,-1,1.240180,0.000000,0.800757,0.000000,0.000000,0.000000,0,0.000000,0.5293,0.0000,0.0800
496,100,-3.6000,0,-1,0,-1,1.076052,0.000000,0.926859,0.000000,0.000000,0.000000,0,0.000000,0.5283,0.0000,0.0800
497,100,-7.1000,0,-1,0,-1,1.065996,0.000000,0.903306,0.000000,0.000000,0.000000,0,0.000000,0.5274,0.0000,0.0800
498,53,-35.6200,1,-1,0,-1,1.604133,0.000000,0.853964,0.000000,0.000000,0.000000,0,0.000000,0.5264,0.0000,0.0900
499,100,-6.1000,0,-1,0,-1,1.166428,0.000000,0.968480,0.000000,0.000000,0.000000,0,0.000000,0.5255,0.0000,0.0900
500,100,-3.8000,0,-1,0,-1,1.387706,0.000000,0.888127,0.000000,0.000000,0.000000,0,0.000000,0.5245,0.0000,0.0900
501,100,-129.6000,0,-1,0,-1,1.502445,0.000000,0.976673,0.000000,0.000000,0.000000,0,0.000000,0.5236,0.0000,0.0900
502,100,-66.8000,0,-1,0,-1,2.304421,0.000000,0.899111,0.000000,0.000000,0.000000,0,0.000000,0.5226,0.0000,0.0900
503,9,-30.6600,1,-1,0,-1,0.085912,0.000000,1.050343,0.000000,0.000000,0.000000,0,0.000000,0.5217,0.0000,0.1000
504,100,-97.4000,0,-1,0,-1,0.864342,0.000000,0.836558,0.000000,0.000000,0.000000,0,0.000000,0.5207,0.0000,0.1000
505,100,-94.6000,0,-1,0,-1,1.083890,0.000000,0.927030,0.000000,0.000000,0.000000,0,0.000000,0.5198,0.0000,0.1000
506,100,-36.5000,0,-1,0,-1,2.266732,0.000000,0.777085,0.000000,0.000000,0.000000,0,0.000000,0.5188,0.0000,0.1000
507,100,-36.9000,0,-1,0,-1,2.243840,0.000000,0.880951,0.000000,0.000000,0.000000,0,0.000000,0.5179,0.0000,0.1000
508,100,-6.9000,0,-1,0,-1,1.435960,0.000000,0.923975,0.000000,0.000000,0.000000,0,0.000000,0.5169,0.0000,0.1000
509,100,-37.2000,0,-1,0,-1,1.187741,0.000000,0.931171,0.000000,0.000000,0.000000,0,0.000000,0.5160,0.0000,0.1000
510,100,-67.1000,0,-1,0,-1,1.341169,0.000000,0.890139,0.000000,0.000000,0.000000,0,0.000000,0.5150,0.0000,0.1000
511,100,-64.2000,0,-1,0,-1,1.308989,0.000000,0.934804,0.000000,0.000000,0.000000,0,0.000000,0.5141,0.0000,0.1000
512,100,-99.2000,0,-1,0,-1,1.723654,0.000000,0.789090,0.000000,0.000000,0.000000,0,0.000000,0.5131,0.0000,0.1000
513,100,-6.3000,0,-1,0,-1,0.798080,0.000000,0.885268,0.000000,0.000000,0.000000,0,0.000000,0.5122,0.0000,0.1000
514,100,-3.7000,0,-1,0,-1,1.503544,0.000000,0.822624,0.000000,0.000000,0.000000,0,0.000000,0.5112,0.0000,0.1000
515,100,-218.9000,0,-1,0,-1,1.635498,0.000000,0.802130,0.000000,0.000000,0.000000,0,0.000000,0.5103,0.0000,0.1000
516,100,-3.5000,0,-1,0,-1,1.810942,0.000000,0.779012,0.000000,0.000000,0.000000,0,0.000000,0.5093,0.0000,0.1000
517,88,-36.1200,1,-1,0,-1,1.353102,0.000000,0.875255,0.000000,0.000000,0.000000,0,0.000000,0.5084,0.0000,0.1100
518,100,-39.1000,0,-1,0,-1,2.028802,0.000000,0.720514,0.000000,0.000000,0.000000,0,0.000000,0.5074,0.0000,0.1000
519,92,-97.6800,1,-1,0,-1,1.002748,0.000000,0.819915,0.000000,0.000000,0.000000,0,0.000000,0.5065,0.0000,0.1100
520,100,-7.3000,0,-1,0,-1,0.970659,0.000000,0.737960,0.000000,0.000000,0.000000,0,0.000000,0.5055,0.0000,0.1100
521,100,-66.6000,0,-1,0,-1,1.166238,0.000000,0.836843,0.000000,0.000000,0.000000,0,0.000000,0.5046,0.0000,0.1100
522,100,-36.7000,0,-1,0,-1,1.344834,0.000000,0.828673,0.000000,0.000000,0.000000,0,0.000000,0.5036,0.0000,0.1100
523,100,-38.2000,0,-1,0,-1,0.856485,0.000000,0.888107,0.000000,0.000000,0.000000,0,0.000000,0.5027,0.0000,0.1100
524,79,-7.4600,1,-1,0,-1,1.374889,0.000000,0.709646,0.000000,0.000000,0.000000,0,0.000000,0.5017,0.0000,0.1200
525,100,-38.8000,0,-1,0,-1,0.526499,0.000000,0.780513,0.000000,0.000000,0.000000,0,0.000000,0.5008,0.0000,0.1200
526,100,-3.4000,0,-1,0,-1,0.898009,0.000000,0.811737,0.000000,0.000000,0.000000,0,0.000000,0.4998,0.0000,0.1100
527,100,-4.3000,0,-1,0,-1,1.540163,0.000000,0.690832,0.000000,0.000000,0.000000,0,0.000000,0.4988,0.0000,0.1100
528,100,-34.0000,0,-1,0,-1,0.804027,0.000000,0.862551,0.000000,0.000000,0.000000,0,0.000000,0.4979,0.0000,0.1100
529,100,-7.6000,0,-1,0,-1,1.116729,0.000000,0.934528,0.000000,0.000000,0.000000,0,0.000000,0.4969,0.0000,0.1100
530,86,-98.2400,1,-1,0,-1,1.000814,0.000000,0.834448,0.000000,0.000000,0.000000,0,0.000000,0.4960,0.0000,0.1200
531,32,-32.4800,1,-1,0,-1,1.274375,0.000000,0.780962,0.000000,0.000000,0.000000,0,0.000000,0.4950,0.0000,0.1300
532,100,-186.5000,0,-1,0,-1,1.052614,0.000000,0.893134,0.000000,0.000000,0.000000,0,0.000000,0.4941,0.0000,0.1200
533,100,-66.5000,0,-1,0,-1,1.061833,0.000000,0.851919,0.000000,0.000000,0.000000,0,0.000000,0.4931,0.0000,0.1200
534,57,-64.5800,1,-1,0,-1,1.117831,0.000000,0.742947,0.000000,0.000000,0.000000,0,0.000000,0.4922,0.0000,0.1300
535,100,-39.1000,0,-1,0,-1,1.165342,0.000000,0.749652,0.000000,0.000000,0.000000,0,0.000000,0.4912,0.0000,0.1300
536,47,-33.5800,1,-1,0,-1,0.863776,0.000000,0.797539,0.000000,0.000000,0.000000,0,0.000000,0.4903,0.0000,0.1400
537,90,-8.2000,1,-1,0,-1,1.409251,0.000000,0.744950,0.000000,0.000000,0.000000,0,0.000000,0.4893,0.0000,0.1500
538,100,-125.4000,0,-1,0,-1,1.294925,0.000000,0.685933,0.000000,0.000000,0.000000,0,0.000000,0.4884,0.0000,0.1400
539,100,-36.5000,0,-1,0,-1,1.834476,0.000000,0.748501,0.000000,0.000000,0.000000,0,0.000000,0.4874,0.0000,0.1400
540,100,-36.8000,0,-1,0,-1,1.112365,0.000000,0.754493,0.000000,0.000000,0.000000,0,0.000000,0.4865,0.0000,0.1400
541,92,-66.4800,1,-1,0,-1,0.789704,0.000000,0.804480,0.000000,0.000000,0.000000,0,0.000000,0.4855,0.0000,0.1500
542,36,-62.6400,1,-1,0,-1,1.177440,0.000000,0.822667,0.000000,0.000000,0.000000,0,0.000000,0.4846,0.0000,0.1600
543,28,-31.9200,1,-1,0,-1,0.142815,0.000000,0.607946,0.000000,0.000000,0.000000,0,0.000000,0.4836,0.0000,0.1700
544,15,-31.3000,1,-1,0,-1,1.066321,0.000000,0.648955,0.000000,0.000000,0.000000,0,0.000000,0.4827,0.0000,0.1800
545,100,-4.0000,0,-1,0,-1,1.078023,0.000000,0.845698,0.000000,0.000000,0.000000,0,0.000000,0.4817,0.0000,0.1800
546,100,-8.7000,0,-1,0,-1,1.354346,0.000000,0.694924,0.000000,0.000000,0.000000,0,0.000000,0.4808,0.0000,0.1800
547,100,-279.3000,0,-1,0,-1,1.509306,0.000000,0.750266,0.000000,0.000000,0.000000,0,0.000000,0.4798,0.0000,0.1700
548,44,-93.5600,1,-1,0,-1,1.891844,0.000000,0.732694,0.000000,0.000000,0.000000,0,0.000000,0.4789,0.0000,0.1800
549,100,-249.0000,0,-1,0,-1,1.094464,0.000000,0.796787,0.000000,0.000000,0.000000,0,0.000000,0.4779,0.0000,0.1800
550,100,-245.4000,0,-1,0,-1,0.953420,0.000000,0.793549,0.000000,0.000000,0.000000,0,0.000000,0.4770,0.0000,0.1800
551,100,-339.6000,0,-1,0,-1,0.942542,0.000000,0.742765,0.000000,0.000000,0.000000,0,0.000000,0.4760,0.0000,0.1800
552,100,-249.0000,0,-1,0,-1,2.065641,0.000000,0.741471,0.000000,0.000000,0.000000,0,0.000000,0.4751,0.0000,0.1800
553,100,-63.9000,0,-1,0,-1,2.341011,0.000000,0.651730,0.000000,0.000000,0.000000,0,0.000000,0.4741,0.0000,0.1800
554,100,-159.5000,0,-1,0,-1,1.147328,0.000000,0.744980,0.000000,0.000000,0.000000,0,0.000000,0.4732,0.0000,0.1800
555,100,-70.0000,0,-1,0,-1,1.073124,0.000000,0.806222,0.000000,0.000000,0.000000,0,0.000000,0.4722,0.0000,0.1800
556,67,-35.5800,1,-1,0,-1,1.224000,0.000000,0.691398,0.000000,0.000000,0.000000,0,0.000000,0.4713,0.0000,0.1900
557,100,-69.2000,0,-1,0,-1,1.478858,0.000000,0.810076,0.000000,0.000000,0.000000,0,0.000000,0.4703,0.0000,0.1900
558,17,-31.7800,1,-1,0,-1,2.154220,0.000000,0.681548,0.000000,0.000000,0.000000,0,0.000000,0.4694,0.0000,0.2000
559,100,-38.3000,0,-1,0,-1,0.814913,0.000000,0.662537,0.000000,0.000000,0.000000,0,0.000000,0.4684,0.0000,0.2000
560,100,-68.7000,0,-1,0,-1,1.032867,0.000000,0.722428,0.000000,0.000000,0.000000,0,0.000000,0.4675,0.0000,0.2000
561,100,-38.0000,0,-1,0,-1,1.566036,0.000000,0.770347,0.000000,0.000000,0.000000,0,0.000000,0.4665,0.0000,0.2000
562,100,-8.3000,0,-1,0,-1,1.485171,0.000000,0.618245,0.000000,0.000000,0.000000,0,0.000000,0.4656,0.0000,0.2000
563,100,-69.3000,0,-1,0,-1,1.802350,0.000000,0.713229,0.000000,0.000000,0.000000,0,0.000000,0.4646,0.0000,0.2000
564,100,-8.4000,0,-1,0,-1,1.899452,0.000000,0.732560,0.000000,0.000000,0.000000,0,0.000000,0.4637,0.0000,0.2000
565,100,-39.5000,0,-1,0,-1,1.463993,0.000000,0.631185,0.000000,0.000000,0.000000,0,0.000000,0.4627,0.0000,0.2000
566,100,-10.1000,0,-1,0,-1,0.923888,0.000000,0.727104,0.000000,0.000000,0.000000,0,0.000000,0.4618,0.0000,0.2000
567,100,-69.0000,0,-1,0,-1,1.651331,0.000000,0.698621,0.000000,0.000000,0.000000,0,0.000000,0.4608,0.0000,0.2000
568,100,-68.9000,0,-1,0,-1,1.417274,0.000000,0.661744,0.000000,0.000000,0.000000,0,0.000000,0.4599,0.0000,0.2000
569,100,-131.5000,0,-1,0,-1,0.782467,0.000000,0.725267,0.000000,0.000000,0.000000,0,0.000000,0.4589,0.0000,0.1900
570,36,-63.8400,1,-1,0,-1,2.522623,0.000000,0.643390,0.000000,0.000000,0.000000,0,0.000000,0.4580,0.0000,0.2000
571,100,-69.5000,0,-1,0,-1,1.919532,0.000000,0.596987,0.000000,0.000000,0.000000,0,0.000000,0.4570,0.0000,0.2000
572,100,-66.9000,0,-1,0,-1,1.725973,0.000000,0.748139,0.000000,0.000000,0.000000,0,0.000000,0.4561,0.0000,0.2000
573,100,-157.3000,0,-1,0,-1,1.388393,0.000000,0.648818,0.000000,0.000000,0.000000,0,0.000000,0.4551,0.0000,0.2000
574,100,-101.7000,0,-1,0,-1,0.963442,0.000000,0.706132,0.000000,0.000000,0.000000,0,0.000000,0.4542,0.0000,0.2000
575,100,-131.6000,1,-1,0,-1,1.763053,0.000000,0.740057,0.000000,0.000000,0.000000,0,0.000000,0.4532,0.0000,0.2100
576,100,-99.9000,0,-1,0,-1,1.585175,0.000000,0.654147,0.000000,0.000000,0.000000,0,0.000000,0.4523,0.0000,0.2100
577,100,-191.4000,0,-1,0,-1,1.267092,0.000000,0.690298,0.000000,0.000000,0.000000,0,0.000000,0.4513,0.0000,0.2100
578,100,-39.6000,0,-1,0,-1,1.276070,0.000000,0.605288,0.000000,0.000000,0.000000,0,0.000000,0.4504,0.0000,0.2100
579,91,-157.9400,1,-1,0,-1,0.964071,0.000000,0.664505,0.000000,0.000000,0.000000,0,0.000000,0.4494,0.0000,0.2200
580,78,-38.1200,1,-1,0,-1,0.989249,0.000000,0.727925,0.000000,0.000000,0.000000,0,0.000000,0.4484,0.0000,0.2300
581,100,-69.4000,0,-1,0,-1,1.333996,0.000000,0.770999,0.000000,0.000000,0.000000,0,0.000000,0.4475,0.0000,0.2300
582,100,-70.1000,0,-1,0,-1,2.573986,0.000000,0.687421,0.000000,0.000000,0.000000,0,0.000000,0.4465,0.0000,0.2300
583,100,-69.8000,0,-1,0,-1,0.872198,0.000000,0.577431,0.000000,0.000000,0.000000,0,0.000000,0.4456,0.0000,0.2300
584,100,-4.6000,0,-1,0,-1,1.190034,0.000000,0.658554,0.000000,0.000000,0.000000,0,0.000000,0.4446,0.0000,0.2300
585,89,-10.4600,1,-1,0,-1,1.920013,0.000000,0.687633,0.000000,0.000000,0.000000,0,0.000000,0.4437,0.0000,0.2400
586,49,-6.6600,1,-1,0,-1,0.642379,0.000000,0.680685,0.000000,0.000000,0.000000,0,0.000000,0.4427,0.0000,0.2400
587,29,-3.8600,1,-1,0,-1,1.073438,0.000000,0.738601,0.000000,0.000000,0.000000,0,0.000000,0.4418,0.0000,0.2500
588,22,-91.2800,1,-1,0,-1,0.713441,0.000000,0.667475,0.000000,0.000000,0.000000,0,0.000000,0.4408,0.0000,0.2600
589,90,-99.2000,1,-1,0,-1,1.342248,0.000000,0.575306,0.000000,0.000000,0.000000,0,0.000000,0.4399,0.0000,0.2700
590,100,-6.4000,0,-1,0,-1,1.339415,0.000000,0.645168,0.000000,0.000000,0.000000,0,0.000000,0.4389,0.0000,0.2700
591,100,-40.6000,0,-1,0,-1,1.307183,0.000000,0.497798,0.000000,0.000000,0.000000,0,0.000000,0.4380,0.0000,0.2700
592,100,-129.9000,0,-1,0,-1,1.210183,0.000000,0.580408,0.000000,0.000000,0.000000,0,0.000000,0.4370,0.0000,0.2700
593,100,-41.1000,0,-1,0,-1,1.428599,0.000000,0.619062,0.000000,0.000000,0.000000,0,0.000000,0.4361,0.0000,0.2700
594,100,-100.4000,0,-1,0,-1,1.437133,0.000000,0.513874,0.000000,0.000000,0.000000,0,0.000000,0.4351,0.0000,0.2600
595,60,-126.4000,1,-1,0,-1,1.343129,0.000000,0.575179,0.000000,0.000000,0.000000,0,0.000000,0.4342,0.0000,0.2700
596,28,-4.1200,1,-1,0,-1,2.095757,0.000000,0.707294,0.000000,0.000000,0.000000,0,0.000000,0.4332,0.0000,0.2800
597,100,-99.9000,0,-1,0,-1,1.230340,0.000000,0.516259,0.000000,0.000000,0.000000,0,0.000000,0.4323,0.0000,0.2800
598,100,-39.6000,0,-1,0,-1,2.070396,0.000000,0.486241,0.000000,0.000000,0.000000,0,0.000000,0.4313,0.0000,0.2700
599,100,-10.0000,0,-1,0,-1,2.162675,0.000000,0.413633,0.000000,0.000000,0.000000,0,0.000000,0.4304,0.0000,0.2700
600,36,-5.0400,1,-1,0,-1,1.388773,0.000000,0.625608,0.000000,0.000000,0.000000,0,0.000000,0.4294,0.0000,0.2800
601,100,-68.3000,0,-1,0,-1,2.138273,0.000000,0.464689,0.000000,0.000000,0.000000,0,0.000000,0.4285,0.0000,0.2800
602,36,-4.2400,1,-1,0,-1,1.685787,0.000000,0.504973,0.000000,0.000000,0.000000,0,0.000000,0.4275,0.0000,0.2900
603,100,-39.2000,0,-1,0,-1,1.216526,0.000000,0.613313,0.000000,0.000000,0.000000,0,0.000000,0.4266,0.0000,0.2800
604,100,-3.3000,0,-1,0,-1,1.537008,0.000000,0.566882,0.000000,0.000000,0.000000,0,0.000000,0.4256,0.0000,0.2800
605,100,-2.7000,0,-1,0,-1,1.615850,0.000000,0.527589,0.000000,0.000000,0.000000,0,0.000000,0.4247,0.0000,0.2800
606,100,-3.7000,0,-1,0,-1,1.088207,0.000000,0.643843,0.000000,0.000000,0.000000,0,0.000000,0.4237,0.0000,0.2800
607,100,-8.3000,0,-1,0,-1,1.210303,0.000000,0.584313,0.000000,0.000000,0.000000,0,0.000000,0.4228,0.0000,0.2800
608,100,-2.9000,0,-1,0,-1,1.343033,0.000000,0.538430,0.000000,0.000000,0.000000,0,0.000000,0.4218,0.0000,0.2800
609,95,-38.9000,1,-1,0,-1,1.682204,0.000000,0.500562,0.000000,0.000000,0.000000,0,0.000000,0.4209,0.0000,0.2900
610,100,-2.4000,0,-1,0,-1,2.007612,0.000000,0.502990,0.000000,0.000000,0.000000,0,0.000000,0.4199,0.0000,0.2900
611,100,-3.1000,0,-1,0,-1,1.371827,0.000000,0.598773,0.000000,0.000000,0.000000,0,0.000000,0.4190,0.0000,0.2900
612,88,-7.7200,1,-1,0,-1,1.227983,0.000000,0.535752,0.000000,0.000000,0.000000,0,0.000000,0.4180,0.0000,0.3000
613,100,-3.1000,0,-1,0,-1,0.998663,0.000000,0.672328,0.000000,0.000000,0.000000,0,0.000000,0.4171,0.0000,0.3000
614,100,-8.1000,0,-1,0,-1,1.192503,0.000000,0.595136,0.000000,0.000000,0.000000,0,0.000000,0.4161,0.0000,0.3000
615,100,-98.7000,0,-1,0,-1,1.433286,0.000000,0.445412,0.000000,0.000000,0.000000,0,0.000000,0.4152,0.0000,0.3000
616,100,-3.8000,0,-1,0,-1,1.199322,0.000000,0.533309,0.000000,0.000000,0.000000,0,0.000000,0.4142,0.0000,0.3000
617,100,-7.5000,0,-1,0,-1,1.245602,0.000000,0.468103,0.000000,0.000000,0.000000,0,0.000000,0.4133,0.0000,0.2900
618,100,-4.5000,0,-1,0,-1,1.316546,0.000000,0.586683,0.000000,0.000000,0.000000,0,0.000000,0.4123,0.0000,0.2900
619,100,-38.6000,0,-1,0,-1,1.368050,0.000000,0.625003,0.000000,0.000000,0.000000,0,0.000000,0.4114,0.0000,0.2800
620,100,-8.1000,0,-1,0,-1,1.715395,0.000000,0.411998,0.000000,0.000000,0.000000,0,0.000000,0.4104,0.0000,0.2800
621,100,-2.5000,0,-1,0,-1,1.566978,0.000000,0.508208,0.000000,0.000000,0.000000,0,0.000000,0.4095,0.0000,0.2800
622,100,-2.7000,0,-1,0,-1,1.058361,0.000000,0.585097,0.000000,0.000000,0.000000,0,0.000000,0.4085,0.0000,0.2800
623,100,-3.1000,0,-1,0,-1,1.703510,0.000000,0.373603,0.000000,0.000000,0.000000,0,0.000000,0.4076,0.0000,0.2800
624,100,-38.4000,0,-1,0,-1,1.633497,0.000000,0.474970,0.000000,0.000000,0.000000,0,0.000000,0.4066,0.0000,0.2700
625,100,-2.7000,0,-1,0,-1,0.978539,0.000000,0.524762,0.000000,0.000000,0.000000,0,0.000000,0.4057,0.0000,0.2700
626,100,-2.8000,0,-1,0,-1,1.372527,0.000000,0.419237,0.000000,0.000000,0.000000,0,0.000000,0.4047,0.0000,0.2700
627,100,-4.4000,0,-1,0,-1,1.012760,0.000000,0.484060,0.000000,0.000000,0.000000,0,0.000000,0.4038,0.0000,0.2700
628,100,-2.9000,0,-1,0,-1,1.413013,0.000000,0.420568,0.000000,0.000000,0.000000,0,0.000000,0.4028,0.0000,0.2700
629,100,-3.2000,0,-1,0,-1,1.689095,0.000000,0.481851,0.000000,0.000000,0.000000,0,0.000000,0.4019,0.0000,0.2700
630,100,-3.8000,0,-1,0,-1,1.051821,0.000000,0.524583,0.000000,0.000000,0.000000,0,0.000000,0.4009,0.0000,0.2600
631,100,-4.3000,0,-1,0,-1,1.172507,0.000000,0.526362,0.000000,0.000000,0.000000,0,0.000000,0.3999,0.0000,0.2500
632,100,-4.5000,0,-1,0,-1,0.948658,0.000000,0.525557,0.000000,0.000000,0.000000,0,0.000000,0.3990,0.0000,0.2500
633,33,-4.2200,1,-1,0,-1,1.348747,0.000000,0.394033,0.000000,0.000000,0.000000,0,0.000000,0.3980,0.0000,0.2600
634,100,-3.6000,0,-1,0,-1,1.085501,0.000000,0.485629,0.000000,0.000000,0.000000,0,0.000000,0.3971,0.0000,0.2500
635,58,-5.9200,1,-1,0,-1,2.076930,0.000000,0.365213,0.000000,0.000000,0.000000,0,0.000000,0.3961,0.0000,0.2600
636,100,-2.8000,0,-1,0,-1,1.919710,0.000000,0.407906,0.000000,0.000000,0.000000,0,0.000000,0.3952,0.0000,0.2500
637,100,-3.4000,0,-1,0,-1,1.454042,0.000000,0.478843,0.000000,0.000000,0.000000,0,0.000000,0.3942,0.0000,0.2400
638,100,-37.9000,0,-1,0,-1,1.079522,0.000000,0.439990,0.000000,0.000000,0.000000,0,0.000000,0.3933,0.0000,0.2400
639,100,-2.6000,0,-1,0,-1,1.377094,0.000000,0.402299,0.000000,0.000000,0.000000,0,0.000000,0.3923,0.0000,0.2400
640,100,-2.6000,0,-1,0,-1,1.647424,0.000000,0.424577,0.000000,0.000000,0.000000,0,0.000000,0.3914,0.0000,0.2400
641,100,-38.4000,0,-1,0,-1,1.938475,0.000000,0.301855,0.000000,0.000000,0.000000,0,0.000000,0.3904,0.0000,0.2300
642,100,-8.5000,0,-1,0,-1,0.615823,0.000000,0.457404,0.000000,0.000000,0.000000,0,0.000000,0.3895,0.0000,0.2200
643,100,-9.2000,0,-1,0,-1,1.991298,0.000000,0.329247,0.000000,0.000000,0.000000,0,0.000000,0.3885,0.0000,0.2100
644,100,-3.9000,0,-1,0,-1,2.047653,0.000000,0.330711,0.000000,0.000000,0.000000,0,0.000000,0.3876,0.0000,0.2000
645,100,-4.2000,0,-1,0,-1,1.884449,0.000000,0.457937,0.000000,0.000000,0.000000,0,0.000000,0.3866,0.0000,0.2000
646,100,-3.7000,0,-1,0,-1,1.373319,0.000000,0.364603,0.000000,0.000000,0.000000,0,0.000000,0.3857,0.0000,0.2000
647,100,-3.6000,0,-1,0,-1,1.487052,0.000000,0.318270,0.000000,0.000000,0.000000,0,0.000000,0.3847,0.0000,0.2000
648,100,-3.7000,0,-1,0,-1,2.114284,0.000000,0.335759,0.000000,0.000000,0.000000,0,0.000000,0.3838,0.0000,0.1900
649,100,-3.5000,0,-1,0,-1,1.223362,0.000000,0.429903,0.000000,0.000000,0.000000,0,0.000000,0.3828,0.0000,0.1900
650,100,-2.9000,0,-1,0,-1,1.202080,0.000000,0.449582,0.000000,0.000000,0.000000,0,0.000000,0.3819,0.0000,0.1900
651,100,-2.1000,0,-1,0,-1,1.049058,0.000000,0.474533,0.000000,0.000000,0.000000,0,0.000000,0.3809,0.0000,0.1900
652,100,-3.0000,0,-1,0,-1,1.459881,0.000000,0.482213,0.000000,0.000000,0.000000,0,0.000000,0.3800,0.0000,0.1900
653,100,-2.8000,0,-1,0,-1,1.396083,0.000000,0.441189,0.000000,0.000000,0.000000,0,0.000000,0.3790,0.0000,0.1900
654,100,-2.5000,0,-1,0,-1,1.419728,0.000000,0.446331,0.000000,0.000000,0.000000,0,0.000000,0.3781,0.0000,0.1900
655,100,-8.1000,0,-1,0,-1,1.396765,0.000000,0.390173,0.000000,0.000000,0.000000,0,0.000000,0.3771,0.0000,0.1900
656,100,-8.1000,0,-1,0,-1,1.191494,0.000000,0.459395,0.000000,0.000000,0.000000,0,0.000000,0.3762,0.0000,0.1800
657,78,-6.9200,1,-1,0,-1,1.371292,0.000000,0.456421,0.000000,0.000000,0.000000,0,0.000000,0.3752,0.0000,0.1900
658,100,-2.7000,0,-1,0,-1,1.349073,0.000000,0.465617,0.000000,0.000000,0.000000,0,0.000000,0.3743,0.0000,0.1800
659,100,-2.8000,0,-1,0,-1,1.552494,0.000000,0.457669,0.000000,0.000000,0.000000,0,0.000000,0.3733,0.0000,0.1800
660,100,-2.3000,0,-1,0,-1,0.845341,0.000000,0.443903,0.000000,0.000000,0.000000,0,0.000000,0.3724,0.0000,0.1800
661,100,-2.5000,0,-1,0,-1,1.539164,0.000000,0.411164,0.000000,0.000000,0.000000,0,0.000000,0.3714,0.0000,0.1800
662,100,-2.6000,0,-1,0,-1,1.745885,0.000000,0.344457,0.000000,0.000000,0.000000,0,0.000000,0.3705,0.0000,0.1800
663,32,-34.0800,1,-1,0,-1,0.247530,0.000000,0.573261,0.000000,0.000000,0.000000,0,0.000000,0.3695,0.0000,0.1900
664,100,-3.1000,0,-1,0,-1,1.660947,0.000000,0.394446,0.000000,0.000000,0.000000,0,0.000000,0.3686,0.0000,0.1900
665,100,-2.4000,0,-1,0,-1,1.093506,0.000000,0.422417,0.000000,0.000000,0.000000,0,0.000000,0.3676,0.0000,0.1900
666,100,-2.7000,0,-1,0,-1,1.562249,0.000000,0.397627,0.000000,0.000000,0.000000,0,0.000000,0.3667,0.0000,0.1900
667,100,-2.9000,0,-1,0,-1,1.477390,0.000000,0.449899,0.000000,0.000000,0.000000,0,0.000000,0.3657,0.0000,0.1900
668,37,-4.3800,1,-1,0,-1,0.811439,0.000000,0.425759,0.000000,0.000000,0.000000,0,0.000000,0.3648,0.0000,0.2000
669,100,-2.2000,0,-1,0,-1,1.260713,0.000000,0.430403,0.000000,0.000000,0.000000,0,0.000000,0.3638,0.0000,0.2000
670,100,-3.2000,0,-1,0,-1,2.056515,0.000000,0.435618,0.000000,0.000000,0.000000,0,0.000000,0.3629,0.0000,0.1900
671,100,-3.1000,0,-1,0,-1,1.128220,0.000000,0.334282,0.000000,0.000000,0.000000,0,0.000000,0.3619,0.0000,0.1900
672,100,-2.7000,0,-1,0,-1,1.225074,0.000000,0.402871,0.000000,0.000000,0.000000,0,0.000000,0.3610,0.0000,0.1900
673,100,-3.1000,0,-1,0,-1,1.345346,0.000000,0.357156,0.000000,0.000000,0.000000,0,0.000000,0.3600,0.0000,0.1900
674,100,-3.0000,0,-1,0,-1,1.280201,0.000000,0.410370,0.000000,0.000000,0.000000,0,0.000000,0.3591,0.0000,0.1900
675,100,-2.4000,0,-1,0,-1,1.798416,0.000000,0.399917,0.000000,0.000000,0.000000,0,0.000000,0.3581,0.0000,0.1800
676,100,-2.4000,0,-1,0,-1,1.546733,0.000000,0.419137,0.000000,0.000000,0.000000,0,0.000000,0.3572,0.0000,0.1800
677,100,-2.9000,0,-1,0,-1,1.577779,0.000000,0.512306,0.000000,0.000000,0.000000,0,0.000000,0.3562,0.0000,0.1800
678,100,-2.8000,0,-1,0,-1,1.719590,0.000000,0.453227,0.000000,0.000000,0.000000,0,0.000000,0.3553,0.0000,0.1800
679,100,-7.4000,0,-1,0,-1,1.701995,0.000000,0.517967,0.000000,0.000000,0.000000,0,0.000000,0.3543,0.0000,0.1700
680,100,-2.4000,0,-1,0,-1,1.710875,0.000000,0.391299,0.000000,0.000000,0.000000,0,0.000000,0.3534,0.0000,0.1600
681,100,-2.2000,0,-1,0,-1,1.523808,0.000000,0.378914,0.000000,0.000000,0.000000,0,0.000000,0.3524,0.0000,0.1600
682,100,-2.9000,0,-1,0,-1,1.658923,0.000000,0.416262,0.000000,0.000000,0.000000,0,0.000000,0.3515,0.0000,0.1600
683,100,-7.3000,0,-1,0,-1,1.231345,0.000000,0.415844,0.000000,0.000000,0.000000,0,0.000000,0.3505,0.0000,0.1600
684,100,-3.4000,0,-1,0,-1,2.020222,0.000000,0.253994,0.000000,0.000000,0.000000,0,0.000000,0.3495,0.0000,0.1600
685,100,-3.6000,0,-1,0,-1,1.792069,0.000000,0.285099,0.000000,0.000000,0.000000,0,0.000000,0.3486,0.0000,0.1500
686,100,-3.2000,0,-1,0,-1,1.595247,0.000000,0.389164,0.000000,0.000000,0.000000,0,0.000000,0.3476,0.0000,0.1400
687,100,-2.9000,0,-1,0,-1,1.754084,0.000000,0.246668,0.000000,0.000000,0.000000,0,0.000000,0.3467,0.0000,0.1300
688,100,-2.3000,0,-1,0,-1,1.373527,0.000000,0.454281,0.000000,0.000000,0.000000,0,0.000000,0.3457,0.0000,0.1200
689,100,-4.0000,0,-1,0,-1,1.886335,0.000000,0.479011,0.000000,0.000000,0.000000,0,0.000000,0.3448,0.0000,0.1100
690,100,-3.4000,0,-1,0,-1,1.696516,0.000000,0.367140,0.000000,0.000000,0.000000,0,0.000000,0.3438,0.0000,0.1100
691,100,-7.7000,0,-1,0,-1,1.143427,0.000000,0.433564,0.000000,0.000000,0.000000,0,0.000000,0.3429,0.0000,0.1100
692,100,-3.2000,0,-1,0,-1,1.461918,0.000000,0.521294,0.000000,0.000000,0.000000,0,0.000000,0.3419,0.0000,0.1100
693,100,-2.5000,0,-1,0,-1,1.448406,0.000000,0.392013,0.000000,0.000000,0.000000,0,0.000000,0.3410,0.0000,0.1100
694,100,-38.2000,0,-1,0,-1,1.223524,0.000000,0.378298,0.000000,0.000000,0.000000,0,0.000000,0.3400,0.0000,0.1100
695,55,-5.3000,1,-1,0,-1,1.993100,0.000000,0.189867,0.000000,0.000000,0.000000,0,0.000000,0.3391,0.0000,0.1100
696,100,-8.6000,0,-1,0,-1,0.910855,0.000000,0.437788,0.000000,0.000000,0.000000,0,0.000000,0.3381,0.0000,0.1000
697,100,-67.8000,0,-1,0,-1,1.425200,0.000000,0.339636,0.000000,0.000000,0.000000,0,0.000000,0.3372,0.0000,0.1000
698,62,-5.4800,1,-1,0,-1,0.968691,0.000000,0.352872,0.000000,0.000000,0.000000,0,0.000000,0.3362,0.0000,0.1100
699,100,-2.3000,0,-1,0,-1,1.887581,0.000000,0.392705,0.000000,0.000000,0.000000,0,0.000000,0.3353,0.0000,0.1100
700,100,-2.6000,0,-1,0,-1,1.510073,0.000000,0.374084,0.000000,0.000000,0.000000,0,0.000000,0.3343,0.0000,0.1000
701,27,-3.7800,1,-1,0,-1,1.130463,0.000000,0.352215,0.000000,0.000000,0.000000,0,0.000000,0.3334,0.0000,0.1100
702,100,-3.1000,0,-1,0,-1,2.255230,0.000000,0.352148,0.000000,0.000000,0.000000,0,0.000000,0.3324,0.0000,0.1000
703,100,-2.6000,0,-1,0,-1,2.141859,0.000000,0.381978,0.000000,0.000000,0.000000,0,0.000000,0.3315,0.0000,0.1000
704,52,-5.2800,1,-1,0,-1,1.368782,0.000000,0.306550,0.000000,0.000000,0.000000,0,0.000000,0.3305,0.0000,0.1100
705,100,-2.8000,0,-1,0,-1,1.861493,0.000000,0.339515,0.000000,0.000000,0.000000,0,0.000000,0.3296,0.0000,0.1100
706,100,-2.4000,0,-1,0,-1,1.213448,0.000000,0.431306,0.000000,0.000000,0.000000,0,0.000000,0.3286,0.0000,0.1100
707,100,-2.3000,0,-1,0,-1,1.064709,0.000000,0.412753,0.000000,0.000000,0.000000,0,0.000000,0.3277,0.0000,0.1100
708,100,-2.8000,0,-1,0,-1,2.090114,0.000000,0.347734,0.000000,0.000000,0.000000,0,0.000000,0.3267,0.0000,0.1100
709,100,-2.8000,0,-1,0,-1,2.362624,0.000000,0.315195,0.000000,0.000000,0.000000,0,0.000000,0.3258,0.0000,0.1000
710,100,-3.3000,0,-1,0,-1,1.179810,0.000000,0.398606,0.000000,0.000000,0.000000,0,0.000000,0.3248,0.0000,0.1000
711,89,-6.6600,1,-1,0,-1,0.934636,0.000000,0.352106,0.000000,0.000000,0.000000,0,0.000000,0.3239,0.0000,0.1100
712,100,-2.8000,0,-1,0,-1,1.695376,0.000000,0.336465,0.000000,0.000000,0.000000,0,0.000000,0.3229,0.0000,0.1000
713,88,-7.3200,1,-1,0,-1,2.056870,0.000000,0.315210,0.000000,0.000000,0.000000,0,0.000000,0.3220,0.0000,0.1100
714,65,-5.7000,1,-1,0,-1,1.284230,0.000000,0.408759,0.000000,0.000000,0.000000,0,0.000000,0.3210,0.0000,0.1200
715,58,-5.7200,1,-1,0,-1,1.362612,0.000000,0.341598,0.000000,0.000000,0.000000,0,0.000000,0.3201,0.0000,0.1300
716,76,-6.6400,1,-1,0,-1,1.424344,0.000000,0.271057,0.000000,0.000000,0.000000,0,0.000000,0.3191,0.0000,0.1400
717,51,-4.9400,1,-1,0,-1,1.155668,0.000000,0.352419,0.000000,0.000000,0.000000,0,0.000000,0.3182,0.0000,0.1500
718,100,-2.6000,0,-1,0,-1,0.653789,0.000000,0.406517,0.000000,0.000000,0.000000,0,0.000000,0.3172,0.0000,0.1500
719,100,-2.2000,0,-1,0,-1,1.635014,0.000000,0.313324,0.000000,0.000000,0.000000,0,0.000000,0.3163,0.0000,0.1500
720,100,-2.5000,0,-1,0,-1,1.669867,0.000000,0.307864,0.000000,0.000000,0.000000,0,0.000000,0.3153,0.0000,0.1500
721,78,-7.1200,1,-1,0,-1,1.324166,0.000000,0.197562,0.000000,0.000000,0.000000,0,0.000000,0.3144,0.0000,0.1600
722,51,-94.5400,1,-1,0,-1,1.696252,0.000000,0.310353,0.000000,0.000000,0.000000,0,0.000000,0.3134,0.0000,0.1700
723,100,-3.5000,0,-1,0,-1,1.635866,0.000000,0.278203,0.000000,0.000000,0.000000,0,0.000000,0.3125,0.0000,0.1700
724,98,-7.9200,1,-1,0,-1,1.378810,0.000000,0.307766,0.000000,0.000000,0.000000,0,0.000000,0.3115,0.0000,0.1800
725,69,-6.6600,1,-1,0,-1,1.754894,0.000000,0.223075,0.000000,0.000000,0.000000,0,0.000000,0.3106,0.0000,0.1900
726,37,-33.9800,1,-1,0,-1,0.956111,0.000000,0.362805,0.000000,0.000000,0.000000,0,0.000000,0.3096,0.0000,0.2000
727,100,-3.2000,0,-1,0,-1,1.350893,0.000000,0.332857,0.000000,0.000000,0.000000,0,0.000000,0.3087,0.0000,0.2000
728,100,-2.5000,0,-1,0,-1,1.034325,0.000000,0.224952,0.000000,0.000000,0.000000,0,0.000000,0.3077,0.0000,0.2000
729,75,-6.5000,1,-1,0,-1,1.460375,0.000000,0.254217,0.000000,0.000000,0.000000,0,0.000000,0.3068,0.0000,0.2100
730,85,-7.7000,1,-1,0,-1,1.320540,0.000000,0.253200,0.000000,0.000000,0.000000,0,0.000000,0.3058,0.0000,0.2200
731,33,-3.6200,1,-1,0,-1,1.509138,0.000000,0.286690,0.000000,0.000000,0.000000,0,0.000000,0.3049,0.0000,0.2300
732,65,-5.9000,1,-1,0,-1,2.028092,0.000000,0.154038,0.000000,0.000000,0.000000,0,0.000000,0.3039,0.0000,0.2400
733,76,-6.8400,1,-1,0,-1,1.405270,0.000000,0.273062,0.000000,0.000000,0.000000,0,0.000000,0.3030,0.0000,0.2400
734,41,-4.3400,1,-1,0,-1,1.642590,0.000000,0.194984,0.000000,0.000000,0.000000,0,0.000000,0.3020,0.0000,0.2500
735,32,-3.8800,1,-1,0,-1,1.096045,0.000000,0.212252,0.000000,0.000000,0.000000,0,0.000000,0.3011,0.0000,0.2500
736,37,-4.1800,1,-1,0,-1,0.805911,0.000000,0.272319,0.000000,0.000000,0.000000,0,0.000000,0.3001,0.0000,0.2600
737,44,-4.7600,1,-1,0,-1,0.616908,0.000000,0.378732,0.000000,0.000000,0.000000,0,0.000000,0.2991,0.0000,0.2700
738,60,-35.6000,1,-1,0,-1,1.560168,0.000000,0.216077,0.000000,0.000000,0.000000,0,0.000000,0.2982,0.0000,0.2800
739,100,-7.7000,0,-1,0,-1,1.238927,0.000000,0.144113,0.000000,0.000000,0.000000,0,0.000000,0.2972,0.0000,0.2800
740,100,-3.9000,0,-1,0,-1,1.005062,0.000000,0.180057,0.000000,0.000000,0.000000,0,0.000000,0.2963,0.0000,0.2800
741,25,-3.5000,1,-1,0,-1,1.818304,0.000000,0.196772,0.000000,0.000000,0.000000,0,0.000000,0.2953,0.0000,0.2900
742,40,-4.0000,1,-1,0,-1,1.620495,0.000000,0.227544,0.000000,0.000000,0.000000,0,0.000000,0.2944,0.0000,0.3000
743,100,-2.6000,0,-1,0,-1,1.264917,0.000000,0.248823,0.000000,0.000000,0.000000,0,0.000000,0.2934,0.0000,0.3000
744,100,-4.0000,0,-1,0,-1,1.570128,0.000000,0.212357,0.000000,0.000000,0.000000,0,0.000000,0.2925,0.0000,0.3000
745,79,-6.2600,1,-1,0,-1,0.995674,0.000000,0.276173,0.000000,0.000000,0.000000,0,0.000000,0.2915,0.0000,0.3100
746,30,-3.4000,1,-1,0,-1,1.078906,0.000000,0.340539,0.000000,0.000000,0.000000,0,0.000000,0.2906,0.0000,0.3200
747,100,-37.0000,0,-1,0,-1,1.150269,0.000000,0.298320,0.000000,0.000000,0.000000,0,0.000000,0.2896,0.0000,0.3200
748,100,-67.4000,0,-1,0,-1,0.883606,0.000000,0.267962,0.000000,0.000000,0.000000,0,0.000000,0.2887,0.0000,0.3200
749,38,-3.9200,1,-1,0,-1,2.514817,0.000000,0.290430,0.000000,0.000000,0.000000,0,0.000000,0.2877,0.0000,0.3300
750,93,-37.0200,1,-1,0,-1,1.982622,0.000000,0.221729,0.000000,0.000000,0.000000,0,0.000000,0.2868,0.0000,0.3400
751,42,-4.8800,1,-1,0,-1,1.961421,0.000000,0.090361,0.000000,0.000000,0.000000,0,0.000000,0.2858,0.0000,0.3500
752,100,-2.0000,0,-1,0,-1,1.591919,0.000000,0.243552,0.000000,0.000000,0.000000,0,0.000000,0.2849,0.0000,0.3500
753,100,-2.5000,0,-1,0,-1,1.162368,0.000000,0.152125,0.000000,0.000000,0.000000,0,0.000000,0.2839,0.0000,0.3500
754,100,-3.2000,0,-1,0,-1,2.072153,0.000000,0.204107,0.000000,0.000000,0.000000,0,0.000000,0.2830,0.0000,0.3500
755,100,-2.4000,0,-1,0,-1,1.146335,0.000000,0.151723,0.000000,0.000000,0.000000,0,0.000000,0.2820,0.0000,0.3500
756,100,-2.4000,0,-1,0,-1,0.724313,0.000000,0.274971,0.000000,0.000000,0.000000,0,0.000000,0.2811,0.0000,0.3500
757,100,-2.6000,0,-1,0,-1,1.101076,0.000000,0.174608,0.000000,0.000000,0.000000,0,0.000000,0.2801,0.0000,0.3400
758,100,-2.5000,0,-1,0,-1,1.649195,0.000000,0.243185,0.000000,0.000000,0.000000,0,0.000000,0.2792,0.0000,0.3400
759,100,-3.0000,0,-1,0,-1,1.690726,0.000000,0.174592,0.000000,0.000000,0.000000,0,0.000000,0.2782,0.0000,0.3400
760,100,-2.7000,0,-1,0,-1,1.507451,0.000000,0.207086,0.000000,0.000000,0.000000,0,0.000000,0.2773,0.0000,0.3400
761,17,-32.7800,1,-1,0,-1,1.829170,0.000000,0.044153,0.000000,0.000000,0.000000,0,0.000000,0.2763,0.0000,0.3500
762,33,-3.8200,1,-1,0,-1,1.587359,0.000000,0.227922,0.000000,0.000000,0.000000,0,0.000000,0.2754,0.0000,0.3600
763,32,-4.0800,1,-1,0,-1,0.658466,0.000000,0.256224,0.000000,0.000000,0.000000,0,0.000000,0.2744,0.0000,0.3600
764,100,-3.7000,0,-1,0,-1,2.446504,0.000000,0.061387,0.000000,0.000000,0.000000,0,0.000000,0.2735,0.0000,0.3600
765,46,-5.6400,1,-1,0,-1,0.464322,0.000000,0.233410,0.000000,0.000000,0.000000,0,0.000000,0.2725,0.0000,0.3700
766,81,-6.7400,1,-1,0,-1,1.301676,0.000000,0.127330,0.000000,0.000000,0.000000,0,0.000000,0.2716,0.0000,0.3800
767,70,-8.6000,1,-1,0,-1,1.307818,0.000000,0.145025,0.000000,0.000000,0.000000,0,0.000000,0.2706,0.0000,0.3900
768,21,-3.5400,1,-1,0,-1,2.428932,0.000000,0.145421,0.000000,0.000000,0.000000,0,0.000000,0.2697,0.0000,0.3900
769,100,-2.6000,0,-1,0,-1,1.473220,0.000000,0.172948,0.000000,0.000000,0.000000,0,0.000000,0.2687,0.0000,0.3900
770,38,-5.1200,1,-1,0,-1,1.610874,0.000000,0.209916,0.000000,0.000000,0.000000,0,0.000000,0.2678,0.0000,0.4000
771,50,-4.6000,1,-1,0,-1,2.349747,0.000000,0.099795,0.000000,0.000000,0.000000,0,0.000000,0.2668,0.0000,0.4100
772,100,-2.8000,0,-1,0,-1,1.600842,0.000000,0.163441,0.000000,0.000000,0.000000,0,0.000000,0.2659,0.0000,0.4100
773,20,-3.0000,1,-1,0,-1,0.892236,0.000000,0.118343,0.000000,0.000000,0.000000,0,0.000000,0.2649,0.0000,0.4200
774,100,-2.2000,0,-1,0,-1,2.522615,0.000000,0.062464,0.000000,0.000000,0.000000,0,0.000000,0.2640,0.0000,0.4200
775,34,-4.1600,1,-1,0,-1,0.112267,0.000000,0.247652,0.000000,0.000000,0.000000,0,0.000000,0.2630,0.0000,0.4300
776,37,-4.3800,1,-1,0,-1,2.745882,0.000000,0.173044,0.000000,0.000000,0.000000,0,0.000000,0.2621,0.0000,0.4400
777,100,-2.4000,0,-1,0,-1,1.680887,0.000000,0.195472,0.000000,0.000000,0.000000,0,0.000000,0.2611,0.0000,0.4400
778,100,-3.0000,0,-1,0,-1,1.754724,0.000000,0.168799,0.000000,0.000000,0.000000,0,0.000000,0.2602,0.0000,0.4400
779,100,-1.9000,0,-1,0,-1,2.201509,0.000000,0.094428,0.000000,0.000000,0.000000,0,0.000000,0.2592,0.0000,0.4400
780,62,-5.0800,1,-1,0,-1,0.746078,0.000000,0.200514,0.000000,0.000000,0.000000,0,0.000000,0.2583,0.0000,0.4500
781,27,-3.3800,1,-1,0,-1,1.182429,0.000000,0.240804,0.000000,0.000000,0.000000,0,0.000000,0.2573,0.0000,0.4600
782,35,-3.9000,1,-1,0,-1,1.831861,0.000000,0.026009,0.000000,0.000000,0.000000,0,0.000000,0.2564,0.0000,0.4700
783,38,-34.3200,1,-1,0,-1,1.587637,0.000000,0.105942,0.000000,0.000000,0.000000,0,0.000000,0.2554,0.0000,0.4800
784,100,-2.4000,0,-1,0,-1,1.812688,0.000000,0.060053,0.000000,0.000000,0.000000,0,0.000000,0.2545,0.0000,0.4800
785,100,-2.6000,0,-1,0,-1,1.471055,0.000000,0.134535,0.000000,0.000000,0.000000,0,0.000000,0.2535,0.0000,0.4800
786,100,-2.0000,0,-1,0,-1,2.140337,0.000000,0.056186,0.000000,0.000000,0.000000,0,0.000000,0.2526,0.0000,0.4800
787,100,-2.1000,0,-1,0,-1,1.315152,0.000000,0.213392,0.000000,0.000000,0.000000,0,0.000000,0.2516,0.0000,0.4800
788,100,-2.2000,0,-1,0,-1,1.496562,0.000000,0.222002,0.000000,0.000000,0.000000,0,0.000000,0.2507,0.0000,0.4800
789,100,-2.0000,0,-1,0,-1,1.466013,0.000000,0.136928,0.000000,0.000000,0.000000,0,0.000000,0.2497,0.0000,0.4800
790,100,-2.5000,0,-1,0,-1,1.484775,0.000000,0.089671,0.000000,0.000000,0.000000,0,0.000000,0.2487,0.0000,0.4800
791,80,-6.6000,1,-1,0,-1,2.328534,0.000000,0.142003,0.000000,0.000000,0.000000,0,0.000000,0.2478,0.0000,0.4900
792,49,-5.0600,1,-1,0,-1,2.039568,0.000000,0.089336,0.000000,0.000000,0.000000,0,0.000000,0.2468,0.0000,0.5000
793,100,-3.5000,0,-1,0,-1,1.778581,0.000000,0.069698,0.000000,0.000000,0.000000,0,0.000000,0.2459,0.0000,0.5000
794,58,-5.1200,1,-1,0,-1,3.171880,0.000000,0.088120,0.000000,0.000000,0.000000,0,0.000000,0.2449,0.0000,0.5100
795,100,-2.9000,0,-1,0,-1,1.346743,0.000000,0.145457,0.000000,0.000000,0.000000,0,0.000000,0.2440,0.0000,0.5000
796,34,-3.5600,1,-1,0,-1,1.670511,0.000000,-0.044926,0.000000,0.000000,0.000000,0,0.000000,0.2430,0.0000,0.5100
797,70,-8.2000,1,-1,0,-1,1.034540,0.000000,0.115359,0.000000,0.000000,0.000000,0,0.000000,0.2421,0.0000,0.5200
798,68,-35.1200,1,-1,0,-1,1.662118,0.000000,0.109121,0.000000,0.000000,0.000000,0,0.000000,0.2411,0.0000,0.5200
799,55,-35.3000,1,-1,0,-1,1.401286,0.000000,0.157085,0.000000,0.000000,0.000000,0,0.000000,0.2402,0.0000,0.5300
800,48,-5.3200,1,-1,0,-1,1.103286,0.000000,0.070485,0.000000,0.000000,0.000000,0,0.000000,0.2392,0.0000,0.5400
801,100,-3.0000,0,-1,0,-1,1.247284,0.000000,0.206729,0.000000,0.000000,0.000000,0,0.000000,0.2383,0.0000,0.5300
802,56,-5.0400,1,-1,0,-1,2.743827,0.000000,0.062496,0.000000,0.000000,0.000000,0,0.000000,0.2373,0.0000,0.5400
803,100,-1.4000,0,-1,0,-1,2.194594,0.000000,0.058478,0.000000,0.000000,0.000000,0,0.000000,0.2364,0.0000,0.5400
804,47,-4.9800,1,-1,0,-1,1.819166,0.000000,0.020928,0.000000,0.000000,0.000000,0,0.000000,0.2354,0.0000,0.5400
805,39,-4.8600,1,-1,0,-1,1.352899,0.000000,0.088258,0.000000,0.000000,0.000000,0,0.000000,0.2345,0.0000,0.5500
806,47,-4.5800,1,-1,0,-1,1.061751,0.000000,0.136105,0.000000,0.000000,0.000000,0,0.000000,0.2335,0.0000,0.5600
807,99,-6.8600,1,-1,0,-1,1.365877,0.000000,0.078910,0.000000,0.000000,0.000000,0,0.000000,0.2326,0.0000,0.5700
808,100,-2.7000,0,-1,0,-1,1.655027,0.000000,0.043943,0.000000,0.000000,0.000000,0,0.000000,0.2316,0.0000,0.5700
809,36,-3.6400,1,-1,0,-1,1.538264,0.000000,0.072376,0.000000,0.000000,0.000000,0,0.000000,0.2307,0.0000,0.5800
810,100,-1.8000,0,-1,0,-1,1.447793,0.000000,0.095819,0.000000,0.000000,0.000000,0,0.000000,0.2297,0.0000,0.5800
811,85,-6.3000,1,-1,0,-1,1.267528,0.000000,0.066548,0.000000,0.000000,0.000000,0,0.000000,0.2288,0.0000,0.5800
812,21,-3.3400,1,-1,0,-1,1.531965,0.000000,-0.067698,0.000000,0.000000,0.000000,0,0.000000,0.2278,0.0000,0.5900
813,52,-4.6800,1,-1,0,-1,1.514978,0.000000,-0.026817,0.000000,0.000000,0.000000,0,0.000000,0.2269,0.0000,0.5900
814,100,-3.9000,0,-1,0,-1,2.462074,0.000000,0.076348,0.000000,0.000000,0.000000,0,0.000000,0.2259,0.0000,0.5800
815,55,-4.7000,1,-1,0,-1,1.484423,0.000000,0.049107,0.000000,0.000000,0.000000,0,0.000000,0.2250,0.0000,0.5800
816,100,-2.9000,0,-1,0,-1,1.373106,0.000000,0.114306,0.000000,0.000000,0.000000,0,0.000000,0.2240,0.0000,0.5700
817,47,-35.3800,1,-1,0,-1,0.643552,0.000000,-0.029167,0.000000,0.000000,0.000000,0,0.000000,0.2231,0.0000,0.5700
818,14,-2.5600,1,-1,0,-1,2.033621,0.000000,0.127821,0.000000,0.000000,0.000000,0,0.000000,0.2221,0.0000,0.5800
819,85,-7.7000,1,-1,0,-1,1.506685,0.000000,0.028546,0.000000,0.000000,0.000000,0,0.000000,0.2212,0.0000,0.5900
820,22,-3.2800,1,-1,0,-1,3.461526,0.000000,-0.034716,0.000000,0.000000,0.000000,0,0.000000,0.2202,0.0000,0.6000
821,90,-7.0000,1,-1,0,-1,1.788612,0.000000,0.062780,0.000000,0.000000,0.000000,0,0.000000,0.2193,0.0000,0.6000
822,92,-6.8800,1,-1,0,-1,1.192272,0.000000,0.043369,0.000000,0.000000,0.000000,0,0.000000,0.2183,0.0000,0.6000
823,89,-6.6600,1,-1,0,-1,1.338608,0.000000,0.042808,0.000000,0.000000,0.000000,0,0.000000,0.2174,0.0000,0.6100
824,100,-1.9000,0,-1,0,-1,1.607192,0.000000,0.077740,0.000000,0.000000,0.000000,0,0.000000,0.2164,0.0000,0.6000
825,100,-7.5000,0,-1,0,-1,1.521947,0.000000,0.012222,0.000000,0.000000,0.000000,0,0.000000,0.2155,0.0000,0.5900
826,100,-2.8000,0,-1,0,-1,1.528904,0.000000,0.015909,0.000000,0.000000,0.000000,0,0.000000,0.2145,0.0000,0.5800
827,20,-3.0000,1,-1,0,-1,2.375237,0.000000,-0.015071,0.000000,0.000000,0.000000,0,0.000000,0.2136,0.0000,0.5900
828,28,-3.7200,1,-1,0,-1,0.059325,0.000000,0.148011,0.000000,0.000000,0.000000,0,0.000000,0.2126,0.0000,0.6000
829,80,-6.0000,1,-1,0,-1,1.419292,0.000000,0.018286,0.000000,0.000000,0.000000,0,0.000000,0.2117,0.0000,0.6000
830,100,-2.5000,0,-1,0,-1,1.633003,0.000000,0.120935,0.000000,0.000000,0.000000,0,0.000000,0.2107,0.0000,0.5900
831,100,-2.0000,0,-1,0,-1,1.357844,0.000000,0.002478,0.000000,0.000000,0.000000,0,0.000000,0.2098,0.0000,0.5800
832,28,-3.5200,1,-1,0,-1,2.031004,0.000000,0.063180,0.000000,0.000000,0.000000,0,0.000000,0.2088,0.0000,0.5800
833,52,-4.8800,1,-1,0,-1,2.588845,0.000000,-0.079524,0.000000,0.000000,0.000000,0,0.000000,0.2079,0.0000,0.5800
834,100,-37.4000,0,-1,0,-1,1.507055,0.000000,-0.014405,0.000000,0.000000,0.000000,0,0.000000,0.2069,0.0000,0.5700
835,51,-5.3400,1,-1,0,-1,0.618926,0.000000,0.045960,0.000000,0.000000,0.000000,0,0.000000,0.2060,0.0000,0.5700
836,57,-5.1800,1,-1,0,-1,1.853089,0.000000,0.081935,0.000000,0.000000,0.000000,0,0.000000,0.2050,0.0000,0.5700
837,93,-7.6200,1,-1,0,-1,2.103174,0.000000,0.006351,0.000000,0.000000,0.000000,0,0.000000,0.2041,0.0000,0.5700
838,59,-6.6600,1,-1,0,-1,0.834248,0.000000,0.063324,0.000000,0.000000,0.000000,0,0.000000,0.2031,0.0000,0.5700
839,23,-3.4200,1,-1,0,-1,0.730513,0.000000,0.196874,0.000000,0.000000,0.000000,0,0.000000,0.2022,0.0000,0.5800
840,85,-6.3000,1,-1,0,-1,1.326459,0.000000,0.066003,0.000000,0.000000,0.000000,0,0.000000,0.2012,0.0000,0.5900
841,18,-3.1200,1,-1,0,-1,0.959484,0.000000,-0.018210,0.000000,0.000000,0.000000,0,0.000000,0.2003,0.0000,0.5900
842,74,-5.3600,1,-1,0,-1,1.294468,0.000000,0.010074,0.000000,0.000000,0.000000,0,0.000000,0.1993,0.0000,0.5900
843,100,-6.9000,0,-1,0,-1,1.586625,0.000000,0.082536,0.000000,0.000000,0.000000,0,0.000000,0.1983,0.0000,0.5900
844,100,-2.1000,0,-1,0,-1,2.652641,0.000000,-0.011486,0.000000,0.000000,0.000000,0,0.000000,0.1974,0.0000,0.5900
845,71,-6.5400,1,-1,0,-1,1.104727,0.000000,0.114521,0.000000,0.000000,0.000000,0,0.000000,0.1964,0.0000,0.5900
846,100,-2.2000,0,-1,0,-1,0.825568,0.000000,0.021408,0.000000,0.000000,0.000000,0,0.000000,0.1955,0.0000,0.5800
847,100,-2.1000,0,-1,0,-1,2.124840,0.000000,-0.027195,0.000000,0.000000,0.000000,0,0.000000,0.1945,0.0000,0.5800
848,60,-4.8000,1,-1,0,-1,1.941490,0.000000,0.054907,0.000000,0.000000,0.000000,0,0.000000,0.1936,0.0000,0.5900
849,100,-1.7000,0,-1,0,-1,1.238426,0.000000,0.028834,0.000000,0.000000,0.000000,0,0.000000,0.1926,0.0000,0.5800
850,98,-7.1200,1,-1,0,-1,1.668958,0.000000,0.029360,0.000000,0.000000,0.000000,0,0.000000,0.1917,0.0000,0.5800
851,33,-3.6200,1,-1,0,-1,3.147632,0.000000,-0.065953,0.000000,0.000000,0.000000,0,0.000000,0.1907,0.0000,0.5800
852,100,-2.0000,0,-1,0,-1,1.188954,0.000000,0.020876,0.000000,0.000000,0.000000,0,0.000000,0.1898,0.0000,0.5800
853,34,-3.7600,1,-1,0,-1,0.915041,0.000000,0.142453,0.000000,0.000000,0.000000,0,0.000000,0.1888,0.0000,0.5900
854,100,-2.6000,0,-1,0,-1,0.962998,0.000000,0.014411,0.000000,0.000000,0.000000,0,0.000000,0.1879,0.0000,0.5900
855,19,-3.0600,1,-1,0,-1,1.564986,0.000000,0.038316,0.000000,0.000000,0.000000,0,0.000000,0.1869,0.0000,0.6000
856,100,-2.2000,0,-1,0,-1,2.435088,0.000000,-0.012020,0.000000,0.000000,0.000000,0,0.000000,0.1860,0.0000,0.6000
857,70,-5.4000,1,-1,0,-1,0.931618,0.000000,0.099284,0.000000,0.000000,0.000000,0,0.000000,0.1850,0.0000,0.6100
858,47,-4.7800,1,-1,0,-1,1.052273,0.000000,0.010067,0.000000,0.000000,0.000000,0,0.000000,0.1841,0.0000,0.6200
859,100,-2.2000,0,-1,0,-1,2.332091,0.000000,0.067109,0.000000,0.000000,0.000000,0,0.000000,0.1831,0.0000,0.6200
860,100,-1.6000,0,-1,0,-1,1.627204,0.000000,0.025224,0.000000,0.000000,0.000000,0,0.000000,0.1822,0.0000,0.6200
861,100,-36.7000,0,-1,0,-1,1.125703,0.000000,0.006104,0.000000,0.000000,0.000000,0,0.000000,0.1812,0.0000,0.6100
862,100,-2.0000,0,-1,0,-1,2.009900,0.000000,-0.025779,0.000000,0.000000,0.000000,0,0.000000,0.1803,0.0000,0.6000
863,79,-7.4600,1,-1,0,-1,2.097151,0.000000,-0.015295,0.000000,0.000000,0.000000,0,0.000000,0.1793,0.0000,0.6000
864,89,-6.6600,1,-1,0,-1,1.200912,0.000000,-0.033241,0.000000,0.000000,0.000000,0,0.000000,0.1784,0.0000,0.6100
865,44,-4.1600,1,-1,0,-1,2.907630,0.000000,-0.087954,0.000000,0.000000,0.000000,0,0.000000,0.1774,0.0000,0.6100
866,44,-4.1600,1,-1,0,-1,1.712446,0.000000,-0.045110,0.000000,0.000000,0.000000,0,0.000000,0.1765,0.0000,0.6100
867,100,-1.9000,0,-1,0,-1,1.198852,0.000000,-0.090830,0.000000,0.000000,0.000000,0,0.000000,0.1755,0.0000,0.6000
868,100,-1.8000,0,-1,0,-1,1.719050,0.000000,-0.020373,0.000000,0.000000,0.000000,0,0.000000,0.1746,0.0000,0.5900
869,100,-2.0000,0,-1,0,-1,0.880284,0.000000,-0.067621,0.000000,0.000000,0.000000,0,0.000000,0.1736,0.0000,0.5900
870,100,-2.0000,0,-1,0,-1,2.382049,0.000000,0.028646,0.000000,0.000000,0.000000,0,0.000000,0.1727,0.0000,0.5800
871,49,-4.4600,1,-1,0,-1,2.380074,0.000000,-0.054501,0.000000,0.000000,0.000000,0,0.000000,0.1717,0.0000,0.5800
872,90,-6.6000,1,-1,0,-1,1.414183,0.000000,-0.010843,0.000000,0.000000,0.000000,0,0.000000,0.1708,0.0000,0.5900
873,100,-1.9000,0,-1,0,-1,1.629300,0.000000,-0.070737,0.000000,0.000000,0.000000,0,0.000000,0.1698,0.0000,0.5800
874,100,-1.5000,0,-1,0,-1,0.656458,0.000000,0.036072,0.000000,0.000000,0.000000,0,0.000000,0.1689,0.0000,0.5800
875,83,-6.0200,1,-1,0,-1,1.180708,0.000000,-0.030828,0.000000,0.000000,0.000000,0,0.000000,0.1679,0.0000,0.5800
876,100,-7.2000,0,-1,0,-1,1.621270,0.000000,-0.019192,0.000000,0.000000,0.000000,0,0.000000,0.1670,0.0000,0.5700
877,100,-1.6000,0,-1,0,-1,1.742069,0.000000,0.003406,0.000000,0.000000,0.000000,0,0.000000,0.1660,0.0000,0.5700
878,100,-2.0000,0,-1,0,-1,1.554846,0.000000,0.046652,0.000000,0.000000,0.000000,0,0.000000,0.1651,0.0000,0.5700
879,100,-1.8000,0,-1,0,-1,1.265462,0.000000,0.053361,0.000000,0.000000,0.000000,0,0.000000,0.1641,0.0000,0.5700
880,100,-2.1000,0,-1,0,-1,1.630867,0.000000,0.041289,0.000000,0.000000,0.000000,0,0.000000,0.1632,0.0000,0.5600
881,94,-6.7600,1,-1,0,-1,1.985228,0.000000,-0.046586,0.000000,0.000000,0.000000,0,0.000000,0.1622,0.0000,0.5600
882,100,-1.8000,0,-1,0,-1,1.602984,0.000000,0.062129,0.000000,0.000000,0.000000,0,0.000000,0.1613,0.0000,0.5500
883,100,-2.0000,0,-1,0,-1,1.640252,0.000000,-0.017415,0.000000,0.000000,0.000000,0,0.000000,0.1603,0.0000,0.5400
884,86,-6.0400,1,-1,0,-1,2.027088,0.000000,-0.011290,0.000000,0.000000,0.000000,0,0.000000,0.1594,0.0000,0.5500
885,100,-3.5000,0,-1,0,-1,1.147654,0.000000,-0.077897,0.000000,0.000000,0.000000,0,0.000000,0.1584,0.0000,0.5500
886,68,-5.9200,1,-1,0,-1,2.347312,0.000000,0.002419,0.000000,0.000000,0.000000,0,0.000000,0.1575,0.0000,0.5600
887,34,-3.5600,1,-1,0,-1,1.297937,0.000000,-0.079091,0.000000,0.000000,0.000000,0,0.000000,0.1565,0.0000,0.5700
888,62,-4.8800,1,-1,0,-1,1.176508,0.000000,0.062974,0.000000,0.000000,0.000000,0,0.000000,0.1556,0.0000,0.5800
889,91,-6.9400,1,-1,0,-1,1.573749,0.000000,-0.086439,0.000000,0.000000,0.000000,0,0.000000,0.1546,0.0000,0.5900
890,100,-1.9000,0,-1,0,-1,1.263654,0.000000,0.018755,0.000000,0.000000,0.000000,0,0.000000,0.1537,0.0000,0.5900
891,49,-4.4600,1,-1,0,-1,0.995017,0.000000,-0.008963,0.000000,0.000000,0.000000,0,0.000000,0.1527,0.0000,0.5900
892,100,-1.7000,0,-1,0,-1,1.596420,0.000000,-0.035444,0.000000,0.000000,0.000000,0,0.000000,0.1518,0.0000,0.5800
893,77,-5.7800,1,-1,0,-1,1.552106,0.000000,-0.008918,0.000000,0.000000,0.000000,0,0.000000,0.1508,0.0000,0.5900
894,100,-2.0000,0,-1,0,-1,1.664206,0.000000,0.016505,0.000000,0.000000,0.000000,0,0.000000,0.1498,0.0000,0.5800
895,100,-1.7000,0,-1,0,-1,1.465128,0.000000,-0.031421,0.000000,0.000000,0.000000,0,0.000000,0.1489,0.0000,0.5800
896,77,-5.7800,1,-1,0,-1,0.238770,0.000000,0.061117,0.000000,0.000000,0.000000,0,0.000000,0.1479,0.0000,0.5800
897,97,-7.3800,1,-1,0,-1,0.997857,0.000000,-0.008192,0.000000,0.000000,0.000000,0,0.000000,0.1470,0.0000,0.5800
898,100,-1.9000,0,-1,0,-1,1.148601,0.000000,-0.010424,0.000000,0.000000,0.000000,0,0.000000,0.1460,0.0000,0.5700
899,69,-5.0600,1,-1,0,-1,0.952123,0.000000,-0.030193,0.000000,0.000000,0.000000,0,0.000000,0.1451,0.0000,0.5700
900,100,-2.4000,0,-1,0,-1,1.713131,0.000000,-0.115786,0.000000,0.000000,0.000000,0,0.000000,0.1441,0.0000,0.5600
901,100,-3.4000,0,-1,0,-1,1.278509,0.000000,-0.078328,0.000000,0.000000,0.000000,0,0.000000,0.1432,0.0000,0.5600
902,100,-1.7000,0,-1,0,-1,1.415030,0.000000,-0.004426,0.000000,0.000000,0.000000,0,0.000000,0.1422,0.0000,0.5500
903,98,-6.3200,1,-1,0,-1,0.862939,0.000000,-0.005217,0.000000,0.000000,0.000000,0,0.000000,0.1413,0.0000,0.5600
904,100,-4.4000,0,-1,0,-1,1.199345,0.000000,-0.069495,0.000000,0.000000,0.000000,0,0.000000,0.1403,0.0000,0.5500
905,100,-2.3000,0,-1,0,-1,1.465411,0.000000,0.068266,0.000000,0.000000,0.000000,0,0.000000,0.1394,0.0000,0.5400
906,100,-1.5000,0,-1,0,-1,1.505874,0.000000,-0.060407,0.000000,0.000000,0.000000,0,0.000000,0.1384,0.0000,0.5300
907,100,-7.9000,0,-1,0,-1,1.004448,0.000000,-0.064012,0.000000,0.000000,0.000000,0,0.000000,0.1375,0.0000,0.5200
908,100,-1.7000,0,-1,0,-1,0.994301,0.000000,-0.047880,0.000000,0.000000,0.000000,0,0.000000,0.1365,0.0000,0.5200
909,100,-2.0000,0,-1,0,-1,1.320325,0.000000,-0.095733,0.000000,0.000000,0.000000,0,0.000000,0.1356,0.0000,0.5100
910,72,-5.4800,1,-1,0,-1,1.481423,0.000000,-0.063604,0.000000,0.000000,0.000000,0,0.000000,0.1346,0.0000,0.5200
911,100,-2.1000,0,-1,0,-1,0.970699,0.000000,0.019073,0.000000,0.000000,0.000000,0,0.000000,0.1337,0.0000,0.5100
912,100,-4.5000,0,-1,0,-1,1.687632,0.000000,-0.051604,0.000000,0.000000,0.000000,0,0.000000,0.1327,0.0000,0.5000
913,65,-6.1000,1,-1,0,-1,0.553193,0.000000,-0.020916,0.000000,0.000000,0.000000,0,0.000000,0.1318,0.0000,0.5000
914,100,-4.8000,0,-1,0,-1,1.448039,0.000000,-0.067740,0.000000,0.000000,0.000000,0,0.000000,0.1308,0.0000,0.5000
915,100,-1.8000,0,-1,0,-1,1.280048,0.000000,0.042023,0.000000,0.000000,0.000000,0,0.000000,0.1299,0.0000,0.4900
916,100,-3.5000,0,-1,0,-1,1.639269,0.000000,-0.017627,0.000000,0.000000,0.000000,0,0.000000,0.1289,0.0000,0.4900
917,100,-1.5000,0,-1,0,-1,0.532187,0.000000,-0.004622,0.000000,0.000000,0.000000,0,0.000000,0.1280,0.0000,0.4800
918,100,-36.5000,0,-1,0,-1,1.628954,0.000000,-0.016129,0.000000,0.000000,0.000000,0,0.000000,0.1270,0.0000,0.4700
919,100,-4.9000,0,-1,0,-1,0.845533,0.000000,0.019455,0.000000,0.000000,0.000000,0,0.000000,0.1261,0.0000,0.4600
920,100,-5.8000,0,-1,0,-1,1.010263,0.000000,-0.005194,0.000000,0.000000,0.000000,0,0.000000,0.1251,0.0000,0.4500
921,100,-4.4000,0,-1,0,-1,1.121187,0.000000,-0.047967,0.000000,0.000000,0.000000,0,0.000000,0.1242,0.0000,0.4400
922,100,-6.1000,0,-1,0,-1,1.730558,0.000000,-0.004053,0.000000,0.000000,0.000000,0,0.000000,0.1232,0.0000,0.4300
923,100,-1.5000,0,-1,0,-1,1.514763,0.000000,-0.040114,0.000000,0.000000,0.000000,0,0.000000,0.1223,0.0000,0.4200
924,100,-32.6000,0,-1,0,-1,0.977269,0.000000,-0.036394,0.000000,0.000000,0.000000,0,0.000000,0.1213,0.0000,0.4200
925,100,-5.1000,0,-1,0,-1,1.246819,0.000000,-0.100898,0.000000,0.000000,0.000000,0,0.000000,0.1204,0.0000,0.4200
926,100,-4.5000,0,-1,0,-1,0.657585,0.000000,0.000816,0.000000,0.000000,0.000000,0,0.000000,0.1194,0.0000,0.4200
927,100,-2.3000,0,-1,0,-1,1.117963,0.000000,0.005650,0.000000,0.000000,0.000000,0,0.000000,0.1185,0.0000,0.4100
928,100,-1.3000,0,-1,0,-1,0.998575,0.000000,0.021998,0.000000,0.000000,0.000000,0,0.000000,0.1175,0.0000,0.4000
929,100,-5.2000,0,-1,0,-1,1.298739,0.000000,0.013563,0.000000,0.000000,0.000000,0,0.000000,0.1166,0.0000,0.3900
930,100,-9.7000,0,-1,0,-1,1.112815,0.000000,-0.009377,0.000000,0.000000,0.000000,0,0.000000,0.1156,0.0000,0.3900
931,100,-4.2000,0,-1,0,-1,1.128370,0.000000,-0.002519,0.000000,0.000000,0.000000,0,0.000000,0.1147,0.0000,0.3900
932,100,-35.5000,0,-1,0,-1,1.321665,0.000000,0.064162,0.000000,0.000000,0.000000,0,0.000000,0.1137,0.0000,0.3800
933,100,-4.5000,0,-1,0,-1,0.785661,0.000000,0.031543,0.000000,0.000000,0.000000,0,0.000000,0.1128,0.0000,0.3700
934,100,-2.6000,0,-1,0,-1,0.675718,0.000000,0.019059,0.000000,0.000000,0.000000,0,0.000000,0.1118,0.0000,0.3700
935,100,-5.7000,0,-1,0,-1,1.433546,0.000000,-0.038436,0.000000,0.000000,0.000000,0,0.000000,0.1109,0.0000,0.3600
936,100,-36.9000,0,-1,0,-1,0.680932,0.000000,0.004195,0.000000,0.000000,0.000000,0,0.000000,0.1099,0.0000,0.3500
937,100,-1.3000,0,-1,0,-1,1.147811,0.000000,-0.102388,0.000000,0.000000,0.000000,0,0.000000,0.1090,0.0000,0.3400
938,100,-1.8000,0,-1,0,-1,0.538354,0.000000,0.005245,0.000000,0.000000,0.000000,0,0.000000,0.1080,0.0000,0.3300
939,100,-5.6000,0,-1,0,-1,0.711894,0.000000,0.032107,0.000000,0.000000,0.000000,0,0.000000,0.1071,0.0000,0.3200
940,100,-1.2000,0,-1,0,-1,1.364881,0.000000,0.030917,0.000000,0.000000,0.000000,0,0.000000,0.1061,0.0000,0.3100
941,100,-4.7000,0,-1,0,-1,1.546830,0.000000,-0.073565,0.000000,0.000000,0.000000,0,0.000000,0.1052,0.0000,0.3000
942,100,-4.4000,0,-1,0,-1,1.172872,0.000000,0.034324,0.000000,0.000000,0.000000,0,0.000000,0.1042,0.0000,0.2900
943,100,-5.8000,0,-1,0,-1,1.607613,0.000000,-0.054545,0.000000,0.000000,0.000000,0,0.000000,0.1033,0.0000,0.2900
944,100,-39.1000,0,-1,0,-1,1.256079,0.000000,0.017709,0.000000,0.000000,0.000000,0,0.000000,0.1023,0.0000,0.2900
945,100,-2.5000,0,-1,0,-1,0.962316,0.000000,0.059708,0.000000,0.000000,0.000000,0,0.000000,0.1014,0.0000,0.2800
946,100,-4.4000,0,-1,0,-1,0.682116,0.000000,0.054232,0.000000,0.000000,0.000000,0,0.000000,0.1004,0.0000,0.2800
947,100,-2.3000,0,-1,0,-1,2.075276,0.000000,-0.022480,0.000000,0.000000,0.000000,0,0.000000,0.0994,0.0000,0.2800
948,100,-4.5000,0,-1,0,-1,0.637343,0.000000,0.085869,0.000000,0.000000,0.000000,0,0.000000,0.0985,0.0000,0.2700
949,100,-4.3000,0,-1,0,-1,1.427400,0.000000,-0.001256,0.000000,0.000000,0.000000,0,0.000000,0.0975,0.0000,0.2700
950,100,-1.4000,0,-1,0,-1,0.647804,0.000000,0.106876,0.000000,0.000000,0.000000,0,0.000000,0.0966,0.0000,0.2600
951,100,-1.2000,0,-1,0,-1,1.355133,0.000000,0.044980,0.000000,0.000000,0.000000,0,0.000000,0.0956,0.0000,0.2500
952,100,-4.4000,0,-1,0,-1,1.229632,0.000000,0.060850,0.000000,0.000000,0.000000,0,0.000000,0.0947,0.0000,0.2500
953,100,-3.5000,0,-1,0,-1,0.813442,0.000000,0.044256,0.000000,0.000000,0.000000,0,0.000000,0.0937,0.0000,0.2400
954,100,-62.3000,0,-1,0,-1,0.825704,0.000000,0.121684,0.000000,0.000000,0.000000,0,0.000000,0.0928,0.0000,0.2400
955,100,-1.4000,0,-1,0,-1,1.239289,0.000000,0.069179,0.000000,0.000000,0.000000,0,0.000000,0.0918,0.0000,0.2300
956,100,-2.2000,0,-1,0,-1,0.817631,0.000000,0.082099,0.000000,0.000000,0.000000,0,0.000000,0.0909,0.0000,0.2300
957,100,-6.8000,0,-1,0,-1,1.413335,0.000000,-0.011290,0.000000,0.000000,0.000000,0,0.000000,0.0899,0.0000,0.2200
958,100,-4.9000,0,-1,0,-1,0.989880,0.000000,0.040196,0.000000,0.000000,0.000000,0,0.000000,0.0890,0.0000,0.2100
959,100,-2.8000,0,-1,0,-1,1.416357,0.000000,0.108331,0.000000,0.000000,0.000000,0,0.000000,0.0880,0.0000,0.2100
960,100,-1.5000,0,-1,0,-1,0.959059,0.000000,0.017146,0.000000,0.000000,0.000000,0,0.000000,0.0871,0.0000,0.2100
961,100,-1.5000,0,-1,0,-1,1.323545,0.000000,0.077885,0.000000,0.000000,0.000000,0,0.000000,0.0861,0.0000,0.2100
962,100,-4.2000,0,-1,0,-1,1.358088,0.000000,0.074749,0.000000,0.000000,0.000000,0,0.000000,0.0852,0.0000,0.2100
963,100,-1.5000,0,-1,0,-1,0.921406,0.000000,0.037781,0.000000,0.000000,0.000000,0,0.000000,0.0842,0.0000,0.2000
964,100,-4.2000,0,-1,0,-1,1.579551,0.000000,0.037987,0.000000,0.000000,0.000000,0,0.000000,0.0833,0.0000,0.1900
965,100,-35.4000,0,-1,0,-1,1.402338,0.000000,-0.010401,0.000000,0.000000,0.000000,0,0.000000,0.0823,0.0000,0.1800
966,100,-2.5000,0,-1,0,-1,1.007449,0.000000,0.070867,0.000000,0.000000,0.000000,0,0.000000,0.0814,0.0000,0.1700
967,100,-93.7000,0,-1,0,-1,0.624088,0.000000,0.062245,0.000000,0.000000,0.000000,0,0.000000,0.0804,0.0000,0.1700
968,100,-1.2000,0,-1,0,-1,0.639875,0.000000,0.021786,0.000000,0.000000,0.000000,0,0.000000,0.0795,0.0000,0.1700
969,100,-1.4000,0,-1,0,-1,1.140781,0.000000,0.060739,0.000000,0.000000,0.000000,0,0.000000,0.0785,0.0000,0.1700
970,100,-6.5000,0,-1,0,-1,1.114999,0.000000,0.064881,0.000000,0.000000,0.000000,0,0.000000,0.0776,0.0000,0.1700
971,100,-1.1000,0,-1,0,-1,1.333898,0.000000,0.034781,0.000000,0.000000,0.000000,0,0.000000,0.0766,0.0000,0.1600
972,67,-4.9800,1,-1,0,-1,1.487381,0.000000,0.092123,0.000000,0.000000,0.000000,0,0.000000,0.0757,0.0000,0.1600
973,100,-1.5000,0,-1,0,-1,0.957231,0.000000,0.090006,0.000000,0.000000,0.000000,0,0.000000,0.0747,0.0000,0.1600
974,100,-1.1000,0,-1,0,-1,0.800028,0.000000,0.093110,0.000000,0.000000,0.000000,0,0.000000,0.0738,0.0000,0.1600
975,100,-1.2000,0,-1,0,-1,0.881254,0.000000,0.090296,0.000000,0.000000,0.000000,0,0.000000,0.0728,0.0000,0.1500
976,100,-1.2000,0,-1,0,-1,1.317985,0.000000,0.100948,0.000000,0.000000,0.000000,0,0.000000,0.0719,0.0000,0.1500
977,100,-2.2000,0,-1,0,-1,1.641246,0.000000,-0.002488,0.000000,0.000000,0.000000,0,0.000000,0.0709,0.0000,0.1500
978,100,-36.1000,0,-1,0,-1,1.019016,0.000000,0.100131,0.000000,0.000000,0.000000,0,0.000000,0.0700,0.0000,0.1500
979,100,-2.3000,0,-1,0,-1,1.121007,0.000000,0.038491,0.000000,0.000000,0.000000,0,0.000000,0.0690,0.0000,0.1500
980,100,-2.1000,0,-1,0,-1,1.119474,0.000000,0.009698,0.000000,0.000000,0.000000,0,0.000000,0.0681,0.0000,0.1500
981,100,-7.9000,0,-1,0,-1,0.664267,0.000000,0.068040,0.000000,0.000000,0.000000,0,0.000000,0.0671,0.0000,0.1400
982,100,-1.3000,0,-1,0,-1,0.523381,0.000000,0.052959,0.000000,0.000000,0.000000,0,0.000000,0.0662,0.0000,0.1400
983,100,-1.3000,0,-1,0,-1,1.138521,0.000000,0.100402,0.000000,0.000000,0.000000,0,0.000000,0.0652,0.0000,0.1400
984,100,-8.2000,0,-1,0,-1,1.409396,0.000000,0.091711,0.000000,0.000000,0.000000,0,0.000000,0.0643,0.0000,0.1300
985,100,-1.7000,0,-1,0,-1,1.103833,0.000000,0.040945,0.000000,0.000000,0.000000,0,0.000000,0.0633,0.0000,0.1300
986,100,-5.1000,0,-1,0,-1,0.375028,0.000000,0.014272,0.000000,0.000000,0.000000,0,0.000000,0.0624,0.0000,0.1200
987,100,-1.2000,0,-1,0,-1,1.180849,0.000000,0.072188,0.000000,0.000000,0.000000,0,0.000000,0.0614,0.0000,0.1100
988,100,-33.6000,0,-1,0,-1,1.495271,0.000000,0.062739,0.000000,0.000000,0.000000,0,0.000000,0.0605,0.0000,0.1000
989,100,-3.4000,0,-1,0,-1,1.087709,0.000000,-0.021499,0.000000,0.000000,0.000000,0,0.000000,0.0595,0.0000,0.0900
990,100,-36.7000,0,-1,0,-1,1.302388,0.000000,0.079079,0.000000,0.000000,0.000000,0,0.000000,0.0586,0.0000,0.0900
991,100,-33.9000,0,-1,0,-1,1.362159,0.000000,-0.073886,0.000000,0.000000,0.000000,0,0.000000,0.0576,0.0000,0.0800
992,100,-37.6000,0,-1,0,-1,0.682797,0.000000,0.126197,0.000000,0.000000,0.000000,0,0.000000,0.0567,0.0000,0.0800
993,100,-2.5000,0,-1,0,-1,1.148757,0.000000,0.123253,0.000000,0.000000,0.000000,0,0.000000,0.0557,0.0000,0.0700
994,100,-34.7000,0,-1,0,-1,1.601766,0.000000,0.041956,0.000000,0.000000,0.000000,0,0.000000,0.0548,0.0000,0.0700
995,100,-4.5000,0,-1,0,-1,1.117440,0.000000,0.048870,0.000000,0.000000,0.000000,0,0.000000,0.0538,0.0000,0.0700
996,100,-65.4000,0,-1,0,-1,1.384335,0.000000,0.002506,0.000000,0.000000,0.000000,0,0.000000,0.0529,0.0000,0.0600
997,100,-36.4000,0,-1,0,-1,0.940740,0.000000,-0.057808,0.000000,0.000000,0.000000,0,0.000000,0.0519,0.0000,0.0500
998,100,-1.4000,0,-1,0,-1,1.680077,0.000000,0.040627,0.000000,0.000000,0.000000,0,0.000000,0.0510,0.0000,0.0500
999,100,-1.2000,0,-1,0,-1,1.243846,0.000000,0.095410,0.000000,0.000000,0.000000,0,0.000000,0.0500,0.0000,0.0400
